고객번호,계기번호,날짜,00:15,00:30,00:45,01:00,01:15,01:30,01:45,02:00,02:15,02:30,02:45,03:00,03:15,03:30,03:45,04:00,04:15,04:30,04:45,05:00,05:15,05:30,05:45,06:00,06:15,06:30,06:45,07:00,07:15,07:30,07:45,08:00,08:15,08:30,08:45,09:00,09:15,09:30,09:45,10:00,10:15,10:30,10:45,11:00,11:15,11:30,11:45,12:00,12:15,12:30,12:45,13:00,13:15,13:30,13:45,14:00,14:15,14:30,14:45,15:00,15:15,15:30,15:45,16:00,16:15,16:30,16:45,17:00,17:15,17:30,17:45,18:00,18:15,18:30,18:45,19:00,19:15,19:30,19:45,20:00,20:15,20:30,20:45,21:00,21:15,21:30,21:45,22:00,22:15,22:30,22:45,23:00,23:15,23:30,23:45,24:00,합계(kWh)
342464719,67190110861,2024.01.01,,,,0.21,,,,0.21,,,,0.17,,,,0.15,,,,0.16,,,,0.36,,,,0.76,,,,1.25,,,,1.07,,,,0.68,,,,0.5,,,,0.65,,,,0.6,,,,0.48,,,,0.48,,,,0.54,,,,0.74,,,,1.2,,,,1.51,,,,1.33,,,,1.4,,,,0.97,,,,0.64,,,,0.41,16.47
342464719,67190110861,2024.01.02,,,,0.21,,,,0.19,,,,0.13,,,,0.14,,,,0.17,,,,0.31,,,,0.89,,,,0.94,,,,0.83,,,,0.75,,,,0.64,,,,0.57,,,,0.48,,,,0.45,,,,0.55,,,,0.55,,,,0.64,,,,1.08,,,,1.28,,,,1.49,,,,1.16,,,,1.1,,,,0.58,,,,0.38,15.51
342464719,67190110861,2024.01.03,,,,0.21,,,,0.17,,,,0.17,,,,0.15,,,,0.19,,,,0.43,,,,0.86,,,,1.26,,,,0.88,,,,0.57,,,,0.48,,,,0.49,,,,0.46,,,,0.45,,,,0.58,,,,0.53,,,,0.65,,,,1.14,,,,1.36,,,,1.52,,,,1.11,,,,1.23,,,,0.72,,,,0.36,15.97
342464719,67190110861,2024.01.04,,,,0.19,,,,0.2,,,,0.16,,,,0.13,,,,0.19,,,,0.32,,,,0.82,,,,0.91,,,,1.05,,,,0.64,,,,0.54,,,,0.46,,,,0.47,,,,0.46,,,,0.57,,,,0.58,,,,0.81,,,,1.16,,,,1.33,,,,1.43,,,,1.38,,,,0.96,,,,0.74,,,,0.4,15.9
342464719,67190110861,2024.01.05,,,,0.21,,,,0.17,,,,0.13,,,,0.12,,,,0.15,,,,0.37,,,,0.8,,,,1.13,,,,1.09,,,,0.59,,,,0.53,,,,0.53,,,,0.48,,,,0.43,,,,0.5,,,,0.5,,,,0.88,,,,1.23,,,,1.67,,,,1.49,,,,1.35,,,,0.9,,,,0.72,,,,0.41,16.38
342464719,67190110861,2024.01.06,,,,0.23,,,,0.2,,,,0.15,,,,0.12,,,,0.17,,,,0.37,,,,1.01,,,,1.17,,,,0.8,,,,0.65,,,,0.54,,,,0.48,,,,0.41,,,,0.48,,,,0.58,,,,0.55,,,,0.76,,,,1.16,,,,1.45,,,,1.59,,,,1.44,,,,0.93,,,,0.63,,,,0.38,16.25
342464719,67190110861,2024.01.07,,,,0.22,,,,0.16,,,,0.16,,,,0.14,,,,0.16,,,,0.36,,,,1.01,,,,0.98,,,,0.89,,,,0.67,,,,0.65,,,,0.52,,,,0.58,,,,0.56,,,,0.51,,,,0.64,,,,0.76,,,,1.23,,,,1.61,,,,1.41,,,,1.14,,,,1.2,,,,0.68,,,,0.37,16.61
342464719,67190110861,2024.01.08,,,,0.19,,,,0.19,,,,0.16,,,,0.12,,,,0.18,,,,0.37,,,,0.9,,,,1.04,,,,1.11,,,,0.62,,,,0.69,,,,0.5,,,,0.52,,,,0.44,,,,0.63,,,,0.66,,,,0.74,,,,1.22,,,,1.69,,,,1.41,,,,1.32,,,,0.94,,,,0.58,,,,0.45,16.67
342464719,67190110861,2024.01.09,,,,0.24,,,,0.18,,,,0.14,,,,0.13,,,,0.19,,,,0.41,,,,0.96,,,,1.14,,,,0.98,,,,0.54,,,,0.49,,,,0.59,,,,0.54,,,,0.39,,,,0.46,,,,0.6,,,,0.62,,,,1.04,,,,1.49,,,,1.53,,,,1.3,,,,0.91,,,,0.73,,,,0.35,15.95
342464719,67190110861,2024.01.10,,,,0.2,,,,0.19,,,,0.15,,,,0.15,,,,0.18,,,,0.38,,,,0.77,,,,1.04,,,,0.88,,,,0.58,,,,0.65,,,,0.48,,,,0.57,,,,0.49,,,,0.56,,,,0.56,,,,0.79,,,,1.17,,,,1.3,,,,1.49,,,,1.19,,,,0.87,,,,0.67,,,,0.35,15.66
342464719,67190110861,2024.01.11,,,,0.24,,,,0.19,,,,0.16,,,,0.13,,,,0.15,,,,0.43,,,,0.88,,,,1.24,,,,1.13,,,,0.7,,,,0.52,,,,0.5,,,,0.53,,,,0.46,,,,0.46,,,,0.58,,,,0.82,,,,1.17,,,,1.52,,,,1.2,,,,1.3,,,,1.17,,,,0.57,,,,0.4,16.45
342464719,67190110861,2024.01.12,,,,0.24,,,,0.2,,,,0.16,,,,0.14,,,,0.16,,,,0.35,,,,0.92,,,,1.16,,,,1.08,,,,0.73,,,,0.56,,,,0.51,,,,0.56,,,,0.5,,,,0.55,,,,0.59,,,,0.87,,,,1.06,,,,1.47,,,,1.21,,,,1.3,,,,0.89,,,,0.65,,,,0.43,16.29
342464719,67190110861,2024.01.13,,,,0.2,,,,0.19,,,,0.13,,,,0.12,,,,0.19,,,,0.33,,,,0.72,,,,1.04,,,,1.14,,,,0.54,,,,0.57,,,,0.45,,,,0.46,,,,0.49,,,,0.57,,,,0.6,,,,0.8,,,,1.33,,,,1.47,,,,1.32,,,,1.36,,,,0.96,,,,0.63,,,,0.35,15.96
342464719,67190110861,2024.01.14,,,,0.18,,,,0.21,,,,0.17,,,,0.15,,,,0.18,,,,0.34,,,,0.83,,,,1.05,,,,1.12,,,,0.72,,,,0.59,,,,0.5,,,,0.63,,,,0.54,,,,0.57,,,,0.56,,,,0.72,,,,1.08,,,,1.46,,,,1.6,,,,1.07,,,,0.96,,,,0.59,,,,0.35,16.17
342464719,67190110861,2024.01.15,,,,0.24,,,,0.2,,,,0.15,,,,0.13,,,,0.17,,,,0.39,,,,0.78,,,,1.09,,,,0.98,,,,0.68,,,,0.58,,,,0.46,,,,0.5,,,,0.51,,,,0.54,,,,0.65,,,,0.8,,,,1.04,,,,1.42,,,,1.47,,,,1.13,,,,1.11,,,,0.79,,,,0.41,16.22
342464719,67190110861,2024.01.16,,,,0.2,,,,0.18,,,,0.15,,,,0.14,,,,0.19,,,,0.36,,,,0.97,,,,1.2,,,,0.92,,,,0.54,,,,0.47,,,,0.41,,,,0.45,,,,0.49,,,,0.44,,,,0.55,,,,0.78,,,,0.95,,,,1.56,,,,1.29,,,,1.11,,,,1.08,,,,0.64,,,,0.47,15.54
342464719,67190110861,2024.01.17,,,,0.22,,,,0.19,,,,0.14,,,,0.12,,,,0.18,,,,0.39,,,,0.98,,,,0.96,,,,0.98,,,,0.66,,,,0.52,,,,0.61,,,,0.55,,,,0.5,,,,0.55,,,,0.58,,,,0.67,,,,1.29,,,,1.4,,,,1.49,,,,1.2,,,,1.16,,,,0.67,,,,0.33,16.34
342464719,67190110861,2024.01.18,,,,0.24,,,,0.15,,,,0.14,,,,0.15,,,,0.19,,,,0.36,,,,0.89,,,,1.05,,,,0.91,,,,0.6,,,,0.58,,,,0.55,,,,0.54,,,,0.54,,,,0.49,,,,0.57,,,,0.64,,,,1.17,,,,1.42,,,,1.52,,,,1.18,,,,0.84,,,,0.59,,,,0.42,15.73
342464719,67190110861,2024.01.19,,,,0.21,,,,0.16,,,,0.13,,,,0.13,,,,0.15,,,,0.39,,,,0.93,,,,0.9,,,,0.83,,,,0.64,,,,0.55,,,,0.5,,,,0.58,,,,0.58,,,,0.59,,,,0.59,,,,0.67,,,,0.98,,,,1.55,,,,1.41,,,,1.18,,,,1.19,,,,0.56,,,,0.38,15.78
342464719,67190110861,2024.01.20,,,,0.17,,,,0.17,,,,0.13,,,,0.12,,,,0.15,,,,0.36,,,,0.9,,,,1.13,,,,1.13,,,,0.6,,,,0.51,,,,0.58,,,,0.45,,,,0.56,,,,0.46,,,,0.63,,,,0.65,,,,1.27,,,,1.52,,,,1.58,,,,1.11,,,,0.97,,,,0.73,,,,0.42,16.3
342464719,67190110861,2024.01.21,,,,0.24,,,,0.19,,,,0.15,,,,0.15,,,,0.17,,,,0.43,,,,0.77,,,,1.05,,,,1.18,,,,0.72,,,,0.56,,,,0.55,,,,0.49,,,,0.45,,,,0.53,,,,0.58,,,,0.79,,,,1.09,,,,1.77,,,,1.69,,,,1.38,,,,1.05,,,,0.67,,,,0.46,17.11
342464719,67190110861,2024.01.22,,,,0.23,,,,0.16,,,,0.17,,,,0.17,,,,0.21,,,,0.4,,,,0.93,,,,1.09,,,,1.16,,,,0.75,,,,0.48,,,,0.45,,,,0.49,,,,0.58,,,,0.63,,,,0.52,,,,0.76,,,,1.12,,,,1.78,,,,1.61,,,,1.46,,,,1.05,,,,0.69,,,,0.37,17.26
342464719,67190110861,2024.01.23,,,,0.18,,,,0.19,,,,0.16,,,,0.15,,,,0.2,,,,0.36,,,,0.93,,,,1.22,,,,1.11,,,,0.57,,,,0.56,,,,0.45,,,,0.55,,,,0.5,,,,0.49,,,,0.55,,,,0.81,,,,1.03,,,,1.37,,,,1.37,,,,1.25,,,,1.12,,,,0.69,,,,0.42,16.23
342464719,67190110861,2024.01.24,,,,0.2,,,,0.18,,,,0.17,,,,0.14,,,,0.16,,,,0.32,,,,0.93,,,,1.06,,,,1.04,,,,0.58,,,,0.51,,,,0.43,,,,0.48,,,,0.5,,,,0.5,,,,0.53,,,,0.83,,,,1.1,,,,1.47,,,,1.43,,,,1.21,,,,0.96,,,,0.72,,,,0.45,15.9
342464719,67190110861,2024.01.25,,,,0.19,,,,0.21,,,,0.15,,,,0.13,,,,0.17,,,,0.42,,,,0.87,,,,1.05,,,,0.99,,,,0.61,,,,0.5,,,,0.47,,,,0.47,,,,0.44,,,,0.46,,,,0.6,,,,0.66,,,,1.09,,,,1.71,,,,1.34,,,,1.3,,,,0.92,,,,0.61,,,,0.34,15.7
342464719,67190110861,2024.01.26,,,,0.19,,,,0.16,,,,0.13,,,,0.12,,,,0.15,,,,0.38,,,,0.8,,,,1.07,,,,1.0,,,,0.69,,,,0.49,,,,0.56,,,,0.53,,,,0.39,,,,0.61,,,,0.64,,,,0.63,,,,1.04,,,,1.7,,,,1.56,,,,1.1,,,,0.95,,,,0.64,,,,0.4,15.93
342464719,67190110861,2024.01.27,,,,0.21,,,,0.17,,,,0.15,,,,0.16,,,,0.15,,,,0.32,,,,0.93,,,,1.19,,,,1.01,,,,0.66,,,,0.5,,,,0.54,,,,0.49,,,,0.47,,,,0.5,,,,0.57,,,,0.61,,,,1.1,,,,1.34,,,,1.27,,,,1.13,,,,1.17,,,,0.69,,,,0.42,15.75
342464719,67190110861,2024.01.28,,,,0.24,,,,0.18,,,,0.15,,,,0.14,,,,0.19,,,,0.43,,,,0.89,,,,1.03,,,,0.95,,,,0.63,,,,0.64,,,,0.58,,,,0.52,,,,0.59,,,,0.58,,,,0.57,,,,0.66,,,,1.1,,,,1.48,,,,1.28,,,,1.17,,,,0.98,,,,0.65,,,,0.46,16.09
342464719,67190110861,2024.01.29,,,,0.19,,,,0.2,,,,0.15,,,,0.16,,,,0.16,,,,0.38,,,,0.98,,,,1.21,,,,1.17,,,,0.62,,,,0.54,,,,0.58,,,,0.63,,,,0.53,,,,0.57,,,,0.54,,,,0.87,,,,1.01,,,,1.47,,,,1.39,,,,1.33,,,,0.98,,,,0.6,,,,0.42,16.68
342464719,67190110861,2024.01.30,,,,0.2,,,,0.19,,,,0.13,,,,0.13,,,,0.17,,,,0.31,,,,0.82,,,,0.92,,,,0.81,,,,0.71,,,,0.54,,,,0.57,,,,0.46,,,,0.51,,,,0.57,,,,0.61,,,,0.73,,,,1.09,,,,1.46,,,,1.52,,,,1.4,,,,1.14,,,,0.59,,,,0.42,16.0
342464719,67190110861,2024.01.31,,,,0.24,,,,0.16,,,,0.13,,,,0.16,,,,0.19,,,,0.41,,,,0.78,,,,1.15,,,,0.89,,,,0.57,,,,0.5,,,,0.6,,,,0.52,,,,0.49,,,,0.53,,,,0.62,,,,0.72,,,,1.34,,,,1.39,,,,1.33,,,,1.22,,,,0.95,,,,0.7,,,,0.38,15.97
342464719,67190110861,2024.02.01,,,,0.2,,,,0.2,,,,0.14,,,,0.14,,,,0.2,,,,0.37,,,,0.78,,,,1.21,,,,1.02,,,,0.61,,,,0.48,,,,0.57,,,,0.54,,,,0.48,,,,0.58,,,,0.59,,,,0.63,,,,1.09,,,,1.31,,,,1.53,,,,1.04,,,,1.01,,,,0.71,,,,0.44,15.87
342464719,67190110861,2024.02.02,,,,0.2,,,,0.2,,,,0.13,,,,0.15,,,,0.15,,,,0.36,,,,0.92,,,,0.93,,,,0.89,,,,0.66,,,,0.58,,,,0.54,,,,0.57,,,,0.5,,,,0.49,,,,0.52,,,,0.64,,,,1.31,,,,1.51,,,,1.35,,,,1.33,,,,1.13,,,,0.6,,,,0.4,16.06
342464719,67190110861,2024.02.03,,,,0.2,,,,0.18,,,,0.12,,,,0.14,,,,0.18,,,,0.4,,,,0.89,,,,1.21,,,,1.04,,,,0.6,,,,0.57,,,,0.54,,,,0.49,,,,0.5,,,,0.56,,,,0.59,,,,0.74,,,,1.05,,,,1.66,,,,1.47,,,,1.09,,,,1.16,,,,0.69,,,,0.38,16.45
342464719,67190110861,2024.02.04,,,,0.24,,,,0.19,,,,0.13,,,,0.14,,,,0.19,,,,0.34,,,,0.85,,,,1.08,,,,1.12,,,,0.75,,,,0.56,,,,0.53,,,,0.55,,,,0.5,,,,0.49,,,,0.61,,,,0.71,,,,1.08,,,,1.55,,,,1.53,,,,1.51,,,,1.03,,,,0.73,,,,0.44,16.85
342464719,67190110861,2024.02.05,,,,0.18,,,,0.19,,,,0.14,,,,0.16,,,,0.16,,,,0.39,,,,0.8,,,,1.23,,,,1.02,,,,0.69,,,,0.54,,,,0.6,,,,0.5,,,,0.58,,,,0.48,,,,0.56,,,,0.71,,,,1.22,,,,1.59,,,,1.25,,,,1.5,,,,1.08,,,,0.68,,,,0.4,16.65
342464719,67190110861,2024.02.06,,,,0.2,,,,0.18,,,,0.13,,,,0.12,,,,0.19,,,,0.41,,,,0.86,,,,1.0,,,,1.12,,,,0.64,,,,0.48,,,,0.46,,,,0.55,,,,0.51,,,,0.47,,,,0.49,,,,0.71,,,,1.23,,,,1.31,,,,1.19,,,,1.4,,,,0.93,,,,0.68,,,,0.35,15.61
342464719,67190110861,2024.02.07,,,,0.18,,,,0.16,,,,0.17,,,,0.16,,,,0.19,,,,0.34,,,,0.89,,,,0.98,,,,0.94,,,,0.73,,,,0.49,,,,0.44,,,,0.46,,,,0.42,,,,0.43,,,,0.57,,,,0.72,,,,1.29,,,,1.61,,,,1.37,,,,1.15,,,,1.0,,,,0.71,,,,0.37,15.77
342464719,67190110861,2024.02.08,,,,0.21,,,,0.18,,,,0.15,,,,0.13,,,,0.16,,,,0.42,,,,0.96,,,,0.94,,,,1.1,,,,0.6,,,,0.61,,,,0.58,,,,0.49,,,,0.41,,,,0.48,,,,0.56,,,,0.78,,,,1.05,,,,1.3,,,,1.49,,,,1.43,,,,1.06,,,,0.6,,,,0.37,16.06
342464719,67190110861,2024.02.09,,,,0.18,,,,0.2,,,,0.13,,,,0.14,,,,0.17,,,,0.38,,,,0.9,,,,1.2,,,,0.92,,,,0.55,,,,0.5,,,,0.59,,,,0.58,,,,0.49,,,,0.49,,,,0.57,,,,0.66,,,,1.29,,,,1.44,,,,1.39,,,,1.23,,,,0.83,,,,0.6,,,,0.42,15.85
342464719,67190110861,2024.02.10,,,,0.18,,,,0.18,,,,0.14,,,,0.13,,,,0.16,,,,0.33,,,,0.92,,,,0.95,,,,1.09,,,,0.65,,,,0.56,,,,0.58,,,,0.55,,,,0.44,,,,0.44,,,,0.49,,,,0.81,,,,0.97,,,,1.46,,,,1.37,,,,1.22,,,,1.07,,,,0.56,,,,0.34,15.59
342464719,67190110861,2024.02.11,,,,0.24,,,,0.19,,,,0.17,,,,0.14,,,,0.16,,,,0.41,,,,0.97,,,,1.19,,,,0.94,,,,0.7,,,,0.55,,,,0.46,,,,0.59,,,,0.46,,,,0.61,,,,0.58,,,,0.73,,,,1.21,,,,1.69,,,,1.61,,,,1.46,,,,1.11,,,,0.71,,,,0.47,17.35
342464719,67190110861,2024.02.12,,,,0.21,,,,0.19,,,,0.14,,,,0.15,,,,0.2,,,,0.33,,,,0.98,,,,1.21,,,,0.91,,,,0.66,,,,0.67,,,,0.47,,,,0.56,,,,0.45,,,,0.65,,,,0.66,,,,0.88,,,,1.15,,,,1.66,,,,1.6,,,,1.22,,,,1.18,,,,0.62,,,,0.44,17.19
342464719,67190110861,2024.02.13,,,,0.19,,,,0.17,,,,0.13,,,,0.14,,,,0.16,,,,0.38,,,,0.76,,,,0.97,,,,0.99,,,,0.68,,,,0.53,,,,0.55,,,,0.55,,,,0.51,,,,0.49,,,,0.47,,,,0.83,,,,0.96,,,,1.66,,,,1.43,,,,1.38,,,,1.09,,,,0.75,,,,0.37,16.14
342464719,67190110861,2024.02.14,,,,0.22,,,,0.17,,,,0.15,,,,0.14,,,,0.19,,,,0.41,,,,0.99,,,,1.01,,,,0.97,,,,0.7,,,,0.52,,,,0.48,,,,0.5,,,,0.44,,,,0.48,,,,0.51,,,,0.67,,,,0.96,,,,1.68,,,,1.42,,,,1.16,,,,1.1,,,,0.59,,,,0.44,15.9
342464719,67190110861,2024.02.15,,,,0.23,,,,0.15,,,,0.14,,,,0.16,,,,0.19,,,,0.36,,,,0.87,,,,0.92,,,,1.08,,,,0.57,,,,0.63,,,,0.52,,,,0.52,,,,0.49,,,,0.5,,,,0.52,,,,0.69,,,,1.0,,,,1.67,,,,1.27,,,,1.12,,,,1.23,,,,0.76,,,,0.44,16.03
342464719,67190110861,2024.02.16,,,,0.24,,,,0.16,,,,0.14,,,,0.15,,,,0.18,,,,0.32,,,,0.95,,,,0.95,,,,0.91,,,,0.63,,,,0.56,,,,0.52,,,,0.44,,,,0.52,,,,0.49,,,,0.5,,,,0.87,,,,1.27,,,,1.58,,,,1.56,,,,1.31,,,,1.05,,,,0.56,,,,0.37,16.23
342464719,67190110861,2024.02.17,,,,0.21,,,,0.17,,,,0.16,,,,0.13,,,,0.14,,,,0.33,,,,0.9,,,,0.91,,,,1.16,,,,0.66,,,,0.59,,,,0.52,,,,0.56,,,,0.45,,,,0.55,,,,0.57,,,,0.64,,,,1.26,,,,1.59,,,,1.38,,,,1.39,,,,1.13,,,,0.71,,,,0.45,16.56
342464719,67190110861,2024.02.18,,,,0.23,,,,0.19,,,,0.15,,,,0.15,,,,0.16,,,,0.44,,,,0.97,,,,0.97,,,,1.16,,,,0.59,,,,0.55,,,,0.61,,,,0.48,,,,0.58,,,,0.58,,,,0.6,,,,0.67,,,,1.13,,,,1.71,,,,1.6,,,,1.34,,,,1.02,,,,0.72,,,,0.45,17.05
342464719,67190110861,2024.02.19,,,,0.23,,,,0.16,,,,0.17,,,,0.14,,,,0.21,,,,0.36,,,,0.94,,,,1.24,,,,0.91,,,,0.73,,,,0.64,,,,0.47,,,,0.51,,,,0.54,,,,0.47,,,,0.61,,,,0.73,,,,1.28,,,,1.31,,,,1.56,,,,1.43,,,,1.15,,,,0.74,,,,0.38,16.91
342464719,67190110861,2024.02.20,,,,0.23,,,,0.15,,,,0.13,,,,0.13,,,,0.16,,,,0.38,,,,0.91,,,,0.99,,,,0.91,,,,0.71,,,,0.53,,,,0.5,,,,0.47,,,,0.52,,,,0.54,,,,0.5,,,,0.68,,,,1.18,,,,1.55,,,,1.3,,,,1.46,,,,0.91,,,,0.64,,,,0.45,15.93
342464719,67190110861,2024.02.21,,,,0.21,,,,0.18,,,,0.13,,,,0.13,,,,0.21,,,,0.35,,,,1.04,,,,1.0,,,,0.93,,,,0.55,,,,0.59,,,,0.51,,,,0.56,,,,0.48,,,,0.6,,,,0.51,,,,0.86,,,,1.28,,,,1.55,,,,1.51,,,,1.35,,,,1.09,,,,0.58,,,,0.34,16.54
342464719,67190110861,2024.02.22,,,,0.24,,,,0.19,,,,0.16,,,,0.13,,,,0.15,,,,0.34,,,,0.9,,,,1.0,,,,0.89,,,,0.6,,,,0.49,,,,0.52,,,,0.48,,,,0.54,,,,0.49,,,,0.56,,,,0.63,,,,1.02,,,,1.38,,,,1.35,,,,1.33,,,,0.94,,,,0.68,,,,0.43,15.44
342464719,67190110861,2024.02.23,,,,0.23,,,,0.15,,,,0.16,,,,0.12,,,,0.16,,,,0.42,,,,0.74,,,,1.05,,,,1.09,,,,0.67,,,,0.57,,,,0.42,,,,0.49,,,,0.5,,,,0.48,,,,0.51,,,,0.67,,,,1.0,,,,1.52,,,,1.23,,,,1.27,,,,1.04,,,,0.73,,,,0.34,15.56
342464719,67190110861,2024.02.24,,,,0.2,,,,0.15,,,,0.15,,,,0.13,,,,0.15,,,,0.41,,,,0.75,,,,1.08,,,,1.12,,,,0.71,,,,0.55,,,,0.55,,,,0.47,,,,0.53,,,,0.47,,,,0.64,,,,0.79,,,,1.26,,,,1.48,,,,1.46,,,,1.25,,,,1.08,,,,0.57,,,,0.34,16.29
342464719,67190110861,2024.02.25,,,,0.21,,,,0.16,,,,0.17,,,,0.13,,,,0.2,,,,0.37,,,,0.77,,,,1.21,,,,1.1,,,,0.69,,,,0.59,,,,0.61,,,,0.49,,,,0.61,,,,0.58,,,,0.64,,,,0.71,,,,1.27,,,,1.38,,,,1.26,,,,1.25,,,,1.06,,,,0.79,,,,0.43,16.68
342464719,67190110861,2024.02.26,,,,0.23,,,,0.18,,,,0.16,,,,0.15,,,,0.22,,,,0.31,,,,1.0,,,,1.17,,,,1.03,,,,0.72,,,,0.6,,,,0.62,,,,0.6,,,,0.51,,,,0.51,,,,0.59,,,,0.95,,,,1.13,,,,1.54,,,,1.55,,,,1.44,,,,0.92,,,,0.74,,,,0.46,17.33
342464719,67190110861,2024.02.27,,,,0.19,,,,0.16,,,,0.18,,,,0.12,,,,0.2,,,,0.38,,,,0.8,,,,1.19,,,,1.01,,,,0.62,,,,0.54,,,,0.53,,,,0.47,,,,0.48,,,,0.57,,,,0.52,,,,0.78,,,,1.12,,,,1.63,,,,1.29,,,,1.46,,,,1.07,,,,0.59,,,,0.34,16.24
342464719,67190110861,2024.02.28,,,,0.19,,,,0.19,,,,0.15,,,,0.14,,,,0.17,,,,0.34,,,,0.91,,,,1.09,,,,0.93,,,,0.59,,,,0.49,,,,0.56,,,,0.52,,,,0.48,,,,0.56,,,,0.62,,,,0.76,,,,1.31,,,,1.41,,,,1.21,,,,1.16,,,,0.87,,,,0.67,,,,0.47,15.79
342464719,67190110861,2024.02.29,,,,0.14,,,,0.12,,,,0.12,,,,0.12,,,,0.13,,,,0.29,,,,0.61,,,,0.8,,,,0.88,,,,0.56,,,,0.35,,,,0.47,,,,0.42,,,,0.44,,,,0.4,,,,0.43,,,,0.61,,,,0.95,,,,1.09,,,,0.92,,,,0.95,,,,0.83,,,,0.47,,,,0.34,12.44
342464719,67190110861,2024.03.01,,,,0.19,,,,0.12,,,,0.12,,,,0.11,,,,0.15,,,,0.27,,,,0.71,,,,0.93,,,,0.88,,,,0.51,,,,0.43,,,,0.43,,,,0.48,,,,0.39,,,,0.35,,,,0.51,,,,0.61,,,,0.97,,,,1.1,,,,1.16,,,,0.99,,,,0.84,,,,0.47,,,,0.33,13.05
342464719,67190110861,2024.03.02,,,,0.19,,,,0.12,,,,0.12,,,,0.1,,,,0.14,,,,0.31,,,,0.69,,,,0.89,,,,0.85,,,,0.49,,,,0.43,,,,0.43,,,,0.45,,,,0.43,,,,0.43,,,,0.43,,,,0.64,,,,0.83,,,,1.16,,,,0.9,,,,0.94,,,,0.8,,,,0.5,,,,0.33,12.6
342464719,67190110861,2024.03.03,,,,0.16,,,,0.15,,,,0.11,,,,0.11,,,,0.13,,,,0.28,,,,0.72,,,,0.95,,,,0.87,,,,0.54,,,,0.46,,,,0.48,,,,0.41,,,,0.41,,,,0.37,,,,0.42,,,,0.63,,,,0.9,,,,1.28,,,,1.13,,,,1.06,,,,0.92,,,,0.6,,,,0.37,13.46
342464719,67190110861,2024.03.04,,,,0.19,,,,0.12,,,,0.11,,,,0.1,,,,0.15,,,,0.34,,,,0.64,,,,1.0,,,,0.73,,,,0.59,,,,0.46,,,,0.39,,,,0.43,,,,0.36,,,,0.39,,,,0.45,,,,0.67,,,,0.95,,,,1.19,,,,1.22,,,,1.15,,,,0.8,,,,0.55,,,,0.29,13.27
342464719,67190110861,2024.03.05,,,,0.15,,,,0.15,,,,0.12,,,,0.11,,,,0.14,,,,0.26,,,,0.7,,,,0.78,,,,0.86,,,,0.5,,,,0.48,,,,0.42,,,,0.35,,,,0.39,,,,0.48,,,,0.44,,,,0.61,,,,1.01,,,,1.02,,,,0.99,,,,1.0,,,,0.77,,,,0.59,,,,0.35,12.67
342464719,67190110861,2024.03.06,,,,0.17,,,,0.13,,,,0.13,,,,0.1,,,,0.15,,,,0.28,,,,0.69,,,,0.78,,,,0.81,,,,0.51,,,,0.46,,,,0.36,,,,0.44,,,,0.42,,,,0.41,,,,0.4,,,,0.51,,,,0.97,,,,1.18,,,,1.06,,,,0.93,,,,0.81,,,,0.57,,,,0.31,12.58
342464719,67190110861,2024.03.07,,,,0.19,,,,0.12,,,,0.12,,,,0.1,,,,0.13,,,,0.31,,,,0.71,,,,0.95,,,,0.67,,,,0.42,,,,0.47,,,,0.41,,,,0.37,,,,0.35,,,,0.35,,,,0.48,,,,0.52,,,,0.87,,,,1.11,,,,0.99,,,,0.86,,,,0.82,,,,0.47,,,,0.34,12.13
342464719,67190110861,2024.03.08,,,,0.15,,,,0.14,,,,0.13,,,,0.11,,,,0.14,,,,0.29,,,,0.63,,,,0.87,,,,0.88,,,,0.5,,,,0.44,,,,0.41,,,,0.41,,,,0.31,,,,0.42,,,,0.5,,,,0.54,,,,0.94,,,,1.1,,,,1.1,,,,0.82,,,,0.83,,,,0.55,,,,0.3,12.51
342464719,67190110861,2024.03.09,,,,0.18,,,,0.15,,,,0.13,,,,0.1,,,,0.13,,,,0.25,,,,0.79,,,,0.94,,,,0.81,,,,0.52,,,,0.41,,,,0.46,,,,0.35,,,,0.41,,,,0.34,,,,0.5,,,,0.65,,,,0.92,,,,0.97,,,,1.05,,,,0.95,,,,0.78,,,,0.47,,,,0.33,12.59
342464719,67190110861,2024.03.10,,,,0.18,,,,0.14,,,,0.13,,,,0.11,,,,0.15,,,,0.3,,,,0.85,,,,0.91,,,,0.93,,,,0.59,,,,0.43,,,,0.5,,,,0.37,,,,0.44,,,,0.42,,,,0.53,,,,0.72,,,,1.04,,,,1.38,,,,1.11,,,,0.83,,,,0.84,,,,0.51,,,,0.33,13.74
342464719,67190110861,2024.03.11,,,,0.17,,,,0.16,,,,0.13,,,,0.13,,,,0.13,,,,0.35,,,,0.78,,,,0.83,,,,0.84,,,,0.57,,,,0.42,,,,0.42,,,,0.42,,,,0.37,,,,0.43,,,,0.39,,,,0.54,,,,0.82,,,,1.41,,,,1.16,,,,1.12,,,,0.81,,,,0.54,,,,0.33,13.27
342464719,67190110861,2024.03.12,,,,0.17,,,,0.12,,,,0.12,,,,0.1,,,,0.13,,,,0.29,,,,0.58,,,,0.69,,,,0.81,,,,0.51,,,,0.37,,,,0.47,,,,0.35,,,,0.41,,,,0.48,,,,0.4,,,,0.54,,,,0.76,,,,1.14,,,,1.02,,,,1.07,,,,0.69,,,,0.54,,,,0.38,12.14
342464719,67190110861,2024.03.13,,,,0.18,,,,0.14,,,,0.11,,,,0.11,,,,0.14,,,,0.3,,,,0.61,,,,0.91,,,,0.78,,,,0.45,,,,0.4,,,,0.39,,,,0.44,,,,0.39,,,,0.45,,,,0.37,,,,0.56,,,,0.87,,,,0.99,,,,1.01,,,,1.09,,,,0.75,,,,0.55,,,,0.28,12.27
342464719,67190110861,2024.03.14,,,,0.15,,,,0.13,,,,0.12,,,,0.13,,,,0.14,,,,0.3,,,,0.6,,,,0.81,,,,0.78,,,,0.54,,,,0.4,,,,0.43,,,,0.36,,,,0.35,,,,0.45,,,,0.45,,,,0.58,,,,0.88,,,,1.19,,,,1.18,,,,1.09,,,,0.96,,,,0.56,,,,0.28,12.86
342464719,67190110861,2024.03.15,,,,0.17,,,,0.13,,,,0.11,,,,0.12,,,,0.12,,,,0.33,,,,0.67,,,,0.86,,,,0.81,,,,0.56,,,,0.46,,,,0.41,,,,0.35,,,,0.38,,,,0.4,,,,0.48,,,,0.62,,,,0.99,,,,1.05,,,,0.88,,,,1.06,,,,0.68,,,,0.45,,,,0.26,12.35
342464719,67190110861,2024.03.16,,,,0.19,,,,0.15,,,,0.11,,,,0.1,,,,0.14,,,,0.33,,,,0.7,,,,0.77,,,,0.71,,,,0.44,,,,0.47,,,,0.44,,,,0.37,,,,0.32,,,,0.38,,,,0.49,,,,0.54,,,,0.97,,,,1.22,,,,1.04,,,,0.83,,,,0.73,,,,0.53,,,,0.35,12.32
342464719,67190110861,2024.03.17,,,,0.18,,,,0.15,,,,0.11,,,,0.13,,,,0.16,,,,0.28,,,,0.82,,,,0.88,,,,0.85,,,,0.53,,,,0.54,,,,0.45,,,,0.36,,,,0.38,,,,0.48,,,,0.41,,,,0.62,,,,0.94,,,,1.22,,,,1.21,,,,1.21,,,,0.77,,,,0.47,,,,0.29,13.44
342464719,67190110861,2024.03.18,,,,0.2,,,,0.16,,,,0.11,,,,0.12,,,,0.15,,,,0.35,,,,0.82,,,,0.78,,,,0.87,,,,0.56,,,,0.48,,,,0.47,,,,0.45,,,,0.41,,,,0.37,,,,0.47,,,,0.7,,,,1.11,,,,1.05,,,,1.08,,,,0.94,,,,0.89,,,,0.62,,,,0.31,13.47
342464719,67190110861,2024.03.19,,,,0.17,,,,0.15,,,,0.12,,,,0.11,,,,0.14,,,,0.29,,,,0.66,,,,0.85,,,,0.79,,,,0.57,,,,0.45,,,,0.44,,,,0.35,,,,0.4,,,,0.35,,,,0.41,,,,0.61,,,,0.98,,,,1.09,,,,1.02,,,,1.08,,,,0.75,,,,0.53,,,,0.33,12.64
342464719,67190110861,2024.03.20,,,,0.16,,,,0.13,,,,0.11,,,,0.12,,,,0.14,,,,0.25,,,,0.69,,,,0.74,,,,0.9,,,,0.46,,,,0.5,,,,0.38,,,,0.36,,,,0.33,,,,0.38,,,,0.52,,,,0.69,,,,0.88,,,,1.16,,,,1.18,,,,1.11,,,,0.86,,,,0.53,,,,0.3,12.88
342464719,67190110861,2024.03.21,,,,0.18,,,,0.13,,,,0.11,,,,0.1,,,,0.15,,,,0.25,,,,0.69,,,,0.79,,,,0.8,,,,0.44,,,,0.47,,,,0.42,,,,0.4,,,,0.42,,,,0.45,,,,0.48,,,,0.56,,,,0.99,,,,1.15,,,,0.98,,,,0.87,,,,0.78,,,,0.55,,,,0.33,12.49
342464719,67190110861,2024.03.22,,,,0.18,,,,0.13,,,,0.11,,,,0.11,,,,0.13,,,,0.28,,,,0.6,,,,0.79,,,,0.81,,,,0.55,,,,0.48,,,,0.45,,,,0.42,,,,0.39,,,,0.41,,,,0.51,,,,0.53,,,,0.89,,,,1.27,,,,1.05,,,,1.01,,,,0.82,,,,0.49,,,,0.3,12.71
342464719,67190110861,2024.03.23,,,,0.17,,,,0.11,,,,0.1,,,,0.12,,,,0.14,,,,0.29,,,,0.62,,,,0.97,,,,0.75,,,,0.49,,,,0.52,,,,0.45,,,,0.36,,,,0.43,,,,0.41,,,,0.42,,,,0.5,,,,0.78,,,,1.26,,,,1.02,,,,0.92,,,,0.87,,,,0.55,,,,0.28,12.53
342464719,67190110861,2024.03.24,,,,0.18,,,,0.13,,,,0.12,,,,0.12,,,,0.16,,,,0.25,,,,0.65,,,,0.84,,,,0.85,,,,0.47,,,,0.52,,,,0.42,,,,0.39,,,,0.43,,,,0.44,,,,0.48,,,,0.55,,,,0.92,,,,1.09,,,,1.0,,,,1.25,,,,0.75,,,,0.53,,,,0.31,12.85
342464719,67190110861,2024.03.25,,,,0.17,,,,0.16,,,,0.11,,,,0.12,,,,0.16,,,,0.31,,,,0.79,,,,0.79,,,,0.78,,,,0.5,,,,0.49,,,,0.46,,,,0.36,,,,0.42,,,,0.39,,,,0.45,,,,0.6,,,,1.08,,,,1.23,,,,1.11,,,,0.95,,,,0.77,,,,0.52,,,,0.29,13.01
342464719,67190110861,2024.03.26,,,,0.18,,,,0.14,,,,0.12,,,,0.09,,,,0.14,,,,0.32,,,,0.59,,,,0.95,,,,0.81,,,,0.45,,,,0.43,,,,0.4,,,,0.38,,,,0.42,,,,0.45,,,,0.48,,,,0.55,,,,0.92,,,,1.3,,,,1.07,,,,0.83,,,,0.84,,,,0.59,,,,0.29,12.74
342464719,67190110861,2024.03.27,,,,0.14,,,,0.15,,,,0.11,,,,0.1,,,,0.12,,,,0.28,,,,0.74,,,,0.83,,,,0.7,,,,0.55,,,,0.48,,,,0.45,,,,0.38,,,,0.39,,,,0.49,,,,0.51,,,,0.49,,,,0.8,,,,1.18,,,,1.21,,,,0.99,,,,0.76,,,,0.46,,,,0.33,12.64
342464719,67190110861,2024.03.28,,,,0.18,,,,0.13,,,,0.14,,,,0.13,,,,0.12,,,,0.31,,,,0.63,,,,0.91,,,,0.8,,,,0.54,,,,0.5,,,,0.4,,,,0.46,,,,0.39,,,,0.35,,,,0.46,,,,0.63,,,,0.84,,,,1.33,,,,1.18,,,,0.92,,,,0.94,,,,0.47,,,,0.29,13.05
342464719,67190110861,2024.03.29,,,,0.15,,,,0.16,,,,0.11,,,,0.1,,,,0.13,,,,0.31,,,,0.57,,,,0.92,,,,0.84,,,,0.5,,,,0.48,,,,0.41,,,,0.49,,,,0.4,,,,0.43,,,,0.39,,,,0.67,,,,0.84,,,,1.06,,,,0.86,,,,1.04,,,,0.77,,,,0.57,,,,0.36,12.56
342464719,67190110861,2024.03.30,,,,0.15,,,,0.14,,,,0.11,,,,0.12,,,,0.15,,,,0.29,,,,0.71,,,,0.79,,,,0.75,,,,0.56,,,,0.43,,,,0.39,,,,0.39,,,,0.4,,,,0.39,,,,0.39,,,,0.65,,,,0.94,,,,1.04,,,,1.03,,,,0.83,,,,0.8,,,,0.51,,,,0.33,12.29
342464719,67190110861,2024.03.31,,,,0.18,,,,0.15,,,,0.12,,,,0.12,,,,0.14,,,,0.35,,,,0.76,,,,0.82,,,,0.87,,,,0.52,,,,0.48,,,,0.38,,,,0.4,,,,0.42,,,,0.4,,,,0.48,,,,0.55,,,,1.03,,,,1.3,,,,1.15,,,,0.97,,,,0.76,,,,0.46,,,,0.3,13.11
342464719,67190110861,2024.04.01,,,,0.19,,,,0.16,,,,0.14,,,,0.12,,,,0.16,,,,0.32,,,,0.65,,,,0.94,,,,0.83,,,,0.53,,,,0.4,,,,0.42,,,,0.41,,,,0.44,,,,0.44,,,,0.46,,,,0.72,,,,0.82,,,,1.25,,,,1.03,,,,1.06,,,,0.92,,,,0.5,,,,0.37,13.28
342464719,67190110861,2024.04.02,,,,0.16,,,,0.16,,,,0.13,,,,0.12,,,,0.12,,,,0.31,,,,0.71,,,,0.77,,,,0.89,,,,0.47,,,,0.53,,,,0.36,,,,0.43,,,,0.4,,,,0.37,,,,0.41,,,,0.48,,,,0.88,,,,1.11,,,,1.15,,,,0.92,,,,0.78,,,,0.59,,,,0.27,12.52
342464719,67190110861,2024.04.03,,,,0.19,,,,0.16,,,,0.12,,,,0.11,,,,0.15,,,,0.25,,,,0.62,,,,0.8,,,,0.86,,,,0.44,,,,0.46,,,,0.48,,,,0.42,,,,0.39,,,,0.36,,,,0.49,,,,0.62,,,,0.83,,,,1.06,,,,1.21,,,,1.03,,,,0.9,,,,0.63,,,,0.34,12.92
342464719,67190110861,2024.04.04,,,,0.17,,,,0.14,,,,0.11,,,,0.11,,,,0.15,,,,0.29,,,,0.75,,,,0.85,,,,0.82,,,,0.51,,,,0.46,,,,0.43,,,,0.37,,,,0.39,,,,0.36,,,,0.41,,,,0.58,,,,0.89,,,,1.32,,,,1.12,,,,1.06,,,,0.79,,,,0.57,,,,0.26,12.91
342464719,67190110861,2024.04.05,,,,0.14,,,,0.12,,,,0.12,,,,0.09,,,,0.12,,,,0.25,,,,0.77,,,,0.78,,,,0.77,,,,0.45,,,,0.47,,,,0.39,,,,0.37,,,,0.4,,,,0.35,,,,0.4,,,,0.52,,,,0.81,,,,1.05,,,,1.05,,,,1.06,,,,0.79,,,,0.53,,,,0.28,12.08
342464719,67190110861,2024.04.06,,,,0.19,,,,0.13,,,,0.1,,,,0.11,,,,0.12,,,,0.28,,,,0.68,,,,0.95,,,,0.78,,,,0.53,,,,0.48,,,,0.37,,,,0.37,,,,0.39,,,,0.39,,,,0.42,,,,0.68,,,,0.95,,,,1.19,,,,1.05,,,,1.07,,,,0.91,,,,0.56,,,,0.25,12.95
342464719,67190110861,2024.04.07,,,,0.18,,,,0.13,,,,0.11,,,,0.1,,,,0.15,,,,0.32,,,,0.64,,,,0.86,,,,0.83,,,,0.49,,,,0.43,,,,0.43,,,,0.46,,,,0.36,,,,0.39,,,,0.45,,,,0.69,,,,0.96,,,,1.36,,,,1.1,,,,1.09,,,,0.69,,,,0.56,,,,0.35,13.13
342464719,67190110861,2024.04.08,,,,0.18,,,,0.16,,,,0.14,,,,0.1,,,,0.16,,,,0.26,,,,0.77,,,,0.82,,,,0.69,,,,0.55,,,,0.4,,,,0.43,,,,0.43,,,,0.34,,,,0.37,,,,0.45,,,,0.58,,,,1.0,,,,1.27,,,,1.3,,,,1.12,,,,0.8,,,,0.57,,,,0.29,13.18
342464719,67190110861,2024.04.09,,,,0.16,,,,0.15,,,,0.11,,,,0.12,,,,0.15,,,,0.32,,,,0.79,,,,0.82,,,,0.73,,,,0.49,,,,0.41,,,,0.42,,,,0.42,,,,0.39,,,,0.41,,,,0.4,,,,0.54,,,,0.78,,,,1.31,,,,1.03,,,,0.9,,,,0.69,,,,0.54,,,,0.32,12.4
342464719,67190110861,2024.04.10,,,,0.15,,,,0.12,,,,0.11,,,,0.1,,,,0.14,,,,0.31,,,,0.67,,,,0.78,,,,0.88,,,,0.47,,,,0.45,,,,0.37,,,,0.39,,,,0.35,,,,0.41,,,,0.5,,,,0.59,,,,0.79,,,,1.0,,,,1.02,,,,0.89,,,,0.67,,,,0.6,,,,0.3,12.06
342464719,67190110861,2024.04.11,,,,0.16,,,,0.15,,,,0.1,,,,0.12,,,,0.12,,,,0.33,,,,0.69,,,,0.99,,,,0.88,,,,0.49,,,,0.51,,,,0.4,,,,0.4,,,,0.4,,,,0.41,,,,0.4,,,,0.61,,,,0.89,,,,1.26,,,,1.2,,,,0.95,,,,0.77,,,,0.51,,,,0.25,12.99
342464719,67190110861,2024.04.12,,,,0.15,,,,0.14,,,,0.1,,,,0.12,,,,0.14,,,,0.28,,,,0.68,,,,0.75,,,,0.72,,,,0.53,,,,0.44,,,,0.4,,,,0.45,,,,0.43,,,,0.44,,,,0.45,,,,0.61,,,,0.77,,,,1.16,,,,0.95,,,,0.98,,,,0.86,,,,0.49,,,,0.36,12.4
342464719,67190110861,2024.04.13,,,,0.19,,,,0.15,,,,0.11,,,,0.12,,,,0.12,,,,0.33,,,,0.6,,,,0.91,,,,0.76,,,,0.54,,,,0.5,,,,0.38,,,,0.41,,,,0.42,,,,0.4,,,,0.5,,,,0.57,,,,0.86,,,,1.09,,,,0.95,,,,1.09,,,,0.78,,,,0.51,,,,0.29,12.58
342464719,67190110861,2024.04.14,,,,0.18,,,,0.17,,,,0.14,,,,0.11,,,,0.16,,,,0.34,,,,0.73,,,,1.02,,,,0.73,,,,0.47,,,,0.51,,,,0.4,,,,0.49,,,,0.46,,,,0.39,,,,0.5,,,,0.63,,,,0.91,,,,1.34,,,,1.24,,,,0.83,,,,0.84,,,,0.6,,,,0.36,13.55
342464719,67190110861,2024.04.15,,,,0.19,,,,0.13,,,,0.12,,,,0.11,,,,0.16,,,,0.29,,,,0.63,,,,0.99,,,,0.73,,,,0.63,,,,0.48,,,,0.49,,,,0.38,,,,0.35,,,,0.46,,,,0.51,,,,0.65,,,,0.86,,,,1.3,,,,1.25,,,,1.1,,,,0.98,,,,0.61,,,,0.34,13.74
342464719,67190110861,2024.04.16,,,,0.16,,,,0.14,,,,0.1,,,,0.1,,,,0.13,,,,0.24,,,,0.65,,,,0.79,,,,0.89,,,,0.57,,,,0.36,,,,0.44,,,,0.41,,,,0.36,,,,0.35,,,,0.44,,,,0.63,,,,0.93,,,,1.03,,,,0.94,,,,0.97,,,,0.73,,,,0.45,,,,0.31,12.12
342464719,67190110861,2024.04.17,,,,0.18,,,,0.16,,,,0.11,,,,0.12,,,,0.13,,,,0.29,,,,0.64,,,,0.87,,,,0.87,,,,0.56,,,,0.43,,,,0.42,,,,0.38,,,,0.44,,,,0.42,,,,0.44,,,,0.64,,,,0.93,,,,1.01,,,,1.14,,,,0.92,,,,0.89,,,,0.57,,,,0.35,12.91
342464719,67190110861,2024.04.18,,,,0.17,,,,0.14,,,,0.1,,,,0.12,,,,0.14,,,,0.3,,,,0.65,,,,0.73,,,,0.79,,,,0.41,,,,0.48,,,,0.39,,,,0.34,,,,0.39,,,,0.37,,,,0.41,,,,0.61,,,,0.78,,,,1.32,,,,0.92,,,,0.92,,,,0.9,,,,0.48,,,,0.27,12.13
342464719,67190110861,2024.04.19,,,,0.16,,,,0.13,,,,0.13,,,,0.1,,,,0.14,,,,0.32,,,,0.68,,,,0.92,,,,0.82,,,,0.58,,,,0.41,,,,0.44,,,,0.41,,,,0.36,,,,0.44,,,,0.45,,,,0.51,,,,0.8,,,,1.26,,,,1.19,,,,1.04,,,,0.89,,,,0.58,,,,0.32,13.08
342464719,67190110861,2024.04.20,,,,0.15,,,,0.12,,,,0.14,,,,0.11,,,,0.12,,,,0.3,,,,0.78,,,,0.87,,,,0.81,,,,0.51,,,,0.39,,,,0.42,,,,0.4,,,,0.33,,,,0.46,,,,0.41,,,,0.65,,,,1.01,,,,1.07,,,,1.18,,,,0.97,,,,0.93,,,,0.48,,,,0.34,12.95
342464719,67190110861,2024.04.21,,,,0.18,,,,0.14,,,,0.11,,,,0.12,,,,0.15,,,,0.29,,,,0.74,,,,0.87,,,,0.88,,,,0.49,,,,0.53,,,,0.38,,,,0.41,,,,0.36,,,,0.39,,,,0.44,,,,0.58,,,,1.06,,,,1.1,,,,1.06,,,,1.04,,,,0.74,,,,0.48,,,,0.31,12.85
342464719,67190110861,2024.04.22,,,,0.18,,,,0.14,,,,0.12,,,,0.12,,,,0.12,,,,0.3,,,,0.8,,,,0.87,,,,0.88,,,,0.5,,,,0.5,,,,0.46,,,,0.42,,,,0.47,,,,0.38,,,,0.41,,,,0.68,,,,0.99,,,,1.08,,,,1.04,,,,0.89,,,,0.79,,,,0.59,,,,0.33,13.06
342464719,67190110861,2024.04.23,,,,0.17,,,,0.13,,,,0.1,,,,0.1,,,,0.14,,,,0.32,,,,0.72,,,,0.73,,,,0.86,,,,0.54,,,,0.5,,,,0.38,,,,0.37,,,,0.36,,,,0.39,,,,0.42,,,,0.55,,,,0.9,,,,1.29,,,,1.11,,,,0.85,,,,0.95,,,,0.59,,,,0.34,12.81
342464719,67190110861,2024.04.24,,,,0.19,,,,0.15,,,,0.12,,,,0.09,,,,0.13,,,,0.27,,,,0.65,,,,0.72,,,,0.83,,,,0.55,,,,0.46,,,,0.37,,,,0.44,,,,0.41,,,,0.38,,,,0.47,,,,0.55,,,,0.77,,,,1.3,,,,1.04,,,,0.98,,,,0.93,,,,0.53,,,,0.27,12.6
342464719,67190110861,2024.04.25,,,,0.15,,,,0.12,,,,0.12,,,,0.11,,,,0.11,,,,0.31,,,,0.69,,,,0.77,,,,0.77,,,,0.54,,,,0.38,,,,0.38,,,,0.45,,,,0.38,,,,0.43,,,,0.43,,,,0.51,,,,0.82,,,,1.16,,,,0.99,,,,0.87,,,,0.92,,,,0.63,,,,0.34,12.38
342464719,67190110861,2024.04.26,,,,0.18,,,,0.14,,,,0.13,,,,0.1,,,,0.15,,,,0.32,,,,0.72,,,,0.97,,,,0.75,,,,0.47,,,,0.43,,,,0.44,,,,0.36,,,,0.4,,,,0.48,,,,0.37,,,,0.67,,,,1.0,,,,1.29,,,,1.2,,,,1.02,,,,0.92,,,,0.54,,,,0.28,13.33
342464719,67190110861,2024.04.27,,,,0.16,,,,0.15,,,,0.11,,,,0.11,,,,0.13,,,,0.25,,,,0.67,,,,0.95,,,,0.76,,,,0.44,,,,0.39,,,,0.39,,,,0.46,,,,0.31,,,,0.41,,,,0.39,,,,0.54,,,,0.97,,,,1.23,,,,0.93,,,,0.96,,,,0.68,,,,0.51,,,,0.33,12.23
342464719,67190110861,2024.04.28,,,,0.17,,,,0.13,,,,0.12,,,,0.13,,,,0.16,,,,0.26,,,,0.84,,,,0.82,,,,0.8,,,,0.54,,,,0.53,,,,0.51,,,,0.42,,,,0.38,,,,0.47,,,,0.43,,,,0.65,,,,0.92,,,,1.3,,,,1.03,,,,0.96,,,,0.96,,,,0.48,,,,0.33,13.34
342464719,67190110861,2024.04.29,,,,0.16,,,,0.13,,,,0.11,,,,0.1,,,,0.17,,,,0.3,,,,0.78,,,,0.87,,,,0.78,,,,0.54,,,,0.45,,,,0.48,,,,0.38,,,,0.4,,,,0.49,,,,0.53,,,,0.71,,,,0.95,,,,1.41,,,,1.14,,,,1.09,,,,0.79,,,,0.56,,,,0.3,13.62
342464719,67190110861,2024.04.30,,,,0.16,,,,0.15,,,,0.11,,,,0.09,,,,0.12,,,,0.34,,,,0.67,,,,0.79,,,,0.86,,,,0.53,,,,0.4,,,,0.43,,,,0.45,,,,0.4,,,,0.38,,,,0.49,,,,0.6,,,,0.83,,,,1.15,,,,0.99,,,,0.91,,,,0.9,,,,0.46,,,,0.3,12.51
342464719,67190110861,2024.05.01,,,,0.17,,,,0.12,,,,0.13,,,,0.1,,,,0.13,,,,0.25,,,,0.64,,,,0.68,,,,0.81,,,,0.56,,,,0.4,,,,0.41,,,,0.43,,,,0.41,,,,0.39,,,,0.42,,,,0.58,,,,0.93,,,,1.35,,,,0.96,,,,1.02,,,,0.89,,,,0.57,,,,0.35,12.7
342464719,67190110861,2024.05.02,,,,0.19,,,,0.13,,,,0.12,,,,0.1,,,,0.12,,,,0.32,,,,0.73,,,,0.78,,,,0.83,,,,0.53,,,,0.52,,,,0.35,,,,0.37,,,,0.39,,,,0.39,,,,0.47,,,,0.63,,,,0.79,,,,1.2,,,,1.06,,,,0.93,,,,0.92,,,,0.58,,,,0.33,12.78
342464719,67190110861,2024.05.03,,,,0.17,,,,0.14,,,,0.13,,,,0.11,,,,0.16,,,,0.32,,,,0.65,,,,0.95,,,,0.74,,,,0.48,,,,0.43,,,,0.45,,,,0.44,,,,0.42,,,,0.41,,,,0.45,,,,0.63,,,,0.86,,,,1.13,,,,0.98,,,,1.13,,,,0.83,,,,0.5,,,,0.26,12.77
342464719,67190110861,2024.05.04,,,,0.18,,,,0.11,,,,0.12,,,,0.11,,,,0.12,,,,0.26,,,,0.76,,,,0.92,,,,0.81,,,,0.61,,,,0.37,,,,0.43,,,,0.42,,,,0.44,,,,0.39,,,,0.47,,,,0.6,,,,0.85,,,,1.1,,,,1.25,,,,0.87,,,,0.78,,,,0.49,,,,0.34,12.8
342464719,67190110861,2024.05.05,,,,0.19,,,,0.16,,,,0.11,,,,0.12,,,,0.15,,,,0.34,,,,0.81,,,,0.78,,,,0.87,,,,0.45,,,,0.45,,,,0.4,,,,0.42,,,,0.4,,,,0.44,,,,0.45,,,,0.64,,,,0.95,,,,1.09,,,,1.19,,,,0.98,,,,0.81,,,,0.59,,,,0.31,13.1
342464719,67190110861,2024.05.06,,,,0.15,,,,0.13,,,,0.14,,,,0.12,,,,0.16,,,,0.32,,,,0.63,,,,0.86,,,,0.91,,,,0.46,,,,0.45,,,,0.41,,,,0.4,,,,0.44,,,,0.38,,,,0.46,,,,0.55,,,,1.08,,,,1.08,,,,1.16,,,,1.14,,,,0.92,,,,0.51,,,,0.31,13.17
342464719,67190110861,2024.05.07,,,,0.16,,,,0.12,,,,0.11,,,,0.11,,,,0.14,,,,0.26,,,,0.7,,,,0.95,,,,0.82,,,,0.44,,,,0.37,,,,0.46,,,,0.37,,,,0.34,,,,0.43,,,,0.44,,,,0.59,,,,0.79,,,,1.02,,,,1.23,,,,0.91,,,,0.82,,,,0.55,,,,0.32,12.45
342464719,67190110861,2024.05.08,,,,0.16,,,,0.13,,,,0.12,,,,0.12,,,,0.15,,,,0.26,,,,0.62,,,,0.94,,,,0.88,,,,0.55,,,,0.41,,,,0.42,,,,0.42,,,,0.41,,,,0.4,,,,0.37,,,,0.59,,,,0.79,,,,1.15,,,,1.21,,,,0.96,,,,0.92,,,,0.49,,,,0.34,12.81
342464719,67190110861,2024.05.09,,,,0.19,,,,0.12,,,,0.1,,,,0.11,,,,0.12,,,,0.3,,,,0.82,,,,0.81,,,,0.72,,,,0.49,,,,0.46,,,,0.35,,,,0.39,,,,0.4,,,,0.44,,,,0.41,,,,0.62,,,,0.79,,,,1.01,,,,1.15,,,,1.09,,,,0.7,,,,0.54,,,,0.28,12.41
342464719,67190110861,2024.05.10,,,,0.15,,,,0.13,,,,0.1,,,,0.11,,,,0.16,,,,0.3,,,,0.69,,,,0.7,,,,0.88,,,,0.57,,,,0.5,,,,0.45,,,,0.44,,,,0.38,,,,0.4,,,,0.47,,,,0.59,,,,1.0,,,,1.22,,,,0.97,,,,0.93,,,,0.89,,,,0.52,,,,0.31,12.86
342464719,67190110861,2024.05.11,,,,0.16,,,,0.13,,,,0.13,,,,0.11,,,,0.16,,,,0.28,,,,0.74,,,,0.78,,,,0.81,,,,0.49,,,,0.42,,,,0.42,,,,0.44,,,,0.33,,,,0.45,,,,0.41,,,,0.59,,,,0.73,,,,1.15,,,,1.08,,,,0.9,,,,0.83,,,,0.6,,,,0.27,12.41
342464719,67190110861,2024.05.12,,,,0.18,,,,0.14,,,,0.13,,,,0.1,,,,0.13,,,,0.27,,,,0.62,,,,0.79,,,,0.86,,,,0.57,,,,0.53,,,,0.47,,,,0.38,,,,0.39,,,,0.42,,,,0.43,,,,0.66,,,,0.97,,,,1.26,,,,1.1,,,,1.09,,,,0.9,,,,0.51,,,,0.36,13.26
342464719,67190110861,2024.05.13,,,,0.2,,,,0.14,,,,0.12,,,,0.11,,,,0.16,,,,0.34,,,,0.65,,,,0.87,,,,0.86,,,,0.52,,,,0.42,,,,0.47,,,,0.43,,,,0.41,,,,0.48,,,,0.48,,,,0.62,,,,1.02,,,,1.12,,,,1.17,,,,0.99,,,,0.92,,,,0.53,,,,0.29,13.32
342464719,67190110861,2024.05.14,,,,0.15,,,,0.12,,,,0.12,,,,0.1,,,,0.14,,,,0.26,,,,0.6,,,,0.71,,,,0.74,,,,0.55,,,,0.41,,,,0.38,,,,0.36,,,,0.37,,,,0.43,,,,0.47,,,,0.54,,,,0.82,,,,1.13,,,,0.99,,,,0.94,,,,0.91,,,,0.52,,,,0.33,12.09
342464719,67190110861,2024.05.15,,,,0.17,,,,0.15,,,,0.12,,,,0.11,,,,0.14,,,,0.26,,,,0.66,,,,0.81,,,,0.91,,,,0.52,,,,0.41,,,,0.37,,,,0.43,,,,0.34,,,,0.38,,,,0.38,,,,0.62,,,,0.83,,,,1.17,,,,1.2,,,,0.9,,,,0.77,,,,0.52,,,,0.27,12.44
342464719,67190110861,2024.05.16,,,,0.18,,,,0.12,,,,0.12,,,,0.11,,,,0.14,,,,0.32,,,,0.64,,,,0.69,,,,0.79,,,,0.53,,,,0.45,,,,0.46,,,,0.45,,,,0.38,,,,0.4,,,,0.48,,,,0.57,,,,0.83,,,,1.34,,,,1.21,,,,0.97,,,,0.68,,,,0.48,,,,0.34,12.68
342464719,67190110861,2024.05.17,,,,0.19,,,,0.13,,,,0.1,,,,0.12,,,,0.14,,,,0.3,,,,0.8,,,,0.73,,,,0.85,,,,0.42,,,,0.42,,,,0.45,,,,0.39,,,,0.45,,,,0.43,,,,0.44,,,,0.54,,,,0.8,,,,1.2,,,,0.93,,,,0.94,,,,0.79,,,,0.55,,,,0.32,12.43
342464719,67190110861,2024.05.18,,,,0.18,,,,0.12,,,,0.11,,,,0.11,,,,0.14,,,,0.25,,,,0.76,,,,0.92,,,,0.76,,,,0.43,,,,0.48,,,,0.44,,,,0.44,,,,0.39,,,,0.46,,,,0.45,,,,0.52,,,,1.01,,,,1.22,,,,1.12,,,,0.89,,,,0.76,,,,0.58,,,,0.35,12.89
342464719,67190110861,2024.05.19,,,,0.19,,,,0.16,,,,0.12,,,,0.12,,,,0.15,,,,0.32,,,,0.74,,,,0.76,,,,0.84,,,,0.56,,,,0.42,,,,0.39,,,,0.38,,,,0.36,,,,0.39,,,,0.43,,,,0.67,,,,0.93,,,,1.11,,,,1.08,,,,1.1,,,,0.84,,,,0.62,,,,0.33,13.01
342464719,67190110861,2024.05.20,,,,0.19,,,,0.13,,,,0.13,,,,0.1,,,,0.17,,,,0.31,,,,0.67,,,,0.82,,,,0.74,,,,0.53,,,,0.41,,,,0.46,,,,0.39,,,,0.42,,,,0.47,,,,0.47,,,,0.7,,,,0.84,,,,1.07,,,,1.16,,,,1.04,,,,0.87,,,,0.45,,,,0.28,12.82
342464719,67190110861,2024.05.21,,,,0.15,,,,0.15,,,,0.11,,,,0.11,,,,0.12,,,,0.3,,,,0.61,,,,0.94,,,,0.9,,,,0.46,,,,0.5,,,,0.47,,,,0.43,,,,0.44,,,,0.38,,,,0.45,,,,0.49,,,,0.78,,,,1.38,,,,1.04,,,,1.13,,,,0.92,,,,0.59,,,,0.37,13.22
342464719,67190110861,2024.05.22,,,,0.14,,,,0.12,,,,0.11,,,,0.1,,,,0.12,,,,0.27,,,,0.76,,,,0.83,,,,0.71,,,,0.51,,,,0.41,,,,0.34,,,,0.44,,,,0.4,,,,0.43,,,,0.37,,,,0.66,,,,0.97,,,,1.14,,,,1.07,,,,1.11,,,,0.82,,,,0.54,,,,0.36,12.73
342464719,67190110861,2024.05.23,,,,0.18,,,,0.14,,,,0.12,,,,0.1,,,,0.13,,,,0.31,,,,0.78,,,,0.92,,,,0.78,,,,0.49,,,,0.4,,,,0.5,,,,0.5,,,,0.41,,,,0.47,,,,0.48,,,,0.6,,,,0.83,,,,1.19,,,,1.07,,,,1.01,,,,0.78,,,,0.59,,,,0.28,13.06
342464719,67190110861,2024.05.24,,,,0.17,,,,0.15,,,,0.12,,,,0.11,,,,0.13,,,,0.27,,,,0.69,,,,0.87,,,,0.68,,,,0.53,,,,0.44,,,,0.44,,,,0.45,,,,0.34,,,,0.35,,,,0.48,,,,0.64,,,,0.96,,,,1.32,,,,1.19,,,,1.11,,,,0.81,,,,0.53,,,,0.3,13.08
342464719,67190110861,2024.05.25,,,,0.15,,,,0.15,,,,0.11,,,,0.12,,,,0.14,,,,0.3,,,,0.64,,,,0.7,,,,0.67,,,,0.49,,,,0.38,,,,0.42,,,,0.42,,,,0.44,,,,0.43,,,,0.4,,,,0.66,,,,1.04,,,,1.09,,,,1.17,,,,0.92,,,,0.86,,,,0.58,,,,0.29,12.57
342464719,67190110861,2024.05.26,,,,0.19,,,,0.15,,,,0.14,,,,0.11,,,,0.16,,,,0.28,,,,0.67,,,,0.77,,,,0.91,,,,0.56,,,,0.5,,,,0.5,,,,0.37,,,,0.41,,,,0.37,,,,0.41,,,,0.56,,,,0.94,,,,1.15,,,,1.04,,,,0.91,,,,0.72,,,,0.65,,,,0.35,12.82
342464719,67190110861,2024.05.27,,,,0.19,,,,0.14,,,,0.11,,,,0.12,,,,0.13,,,,0.28,,,,0.63,,,,0.76,,,,0.73,,,,0.51,,,,0.51,,,,0.38,,,,0.39,,,,0.45,,,,0.37,,,,0.46,,,,0.68,,,,0.82,,,,1.13,,,,1.15,,,,0.95,,,,0.86,,,,0.59,,,,0.29,12.63
342464719,67190110861,2024.05.28,,,,0.17,,,,0.14,,,,0.1,,,,0.11,,,,0.13,,,,0.29,,,,0.59,,,,0.85,,,,0.74,,,,0.58,,,,0.38,,,,0.41,,,,0.4,,,,0.41,,,,0.41,,,,0.5,,,,0.64,,,,1.04,,,,1.14,,,,1.1,,,,1.16,,,,0.89,,,,0.6,,,,0.3,13.08
342464719,67190110861,2024.05.29,,,,0.15,,,,0.15,,,,0.14,,,,0.12,,,,0.15,,,,0.32,,,,0.63,,,,1.0,,,,0.81,,,,0.49,,,,0.43,,,,0.41,,,,0.35,,,,0.36,,,,0.47,,,,0.4,,,,0.58,,,,0.9,,,,1.16,,,,1.1,,,,0.92,,,,0.82,,,,0.51,,,,0.33,12.7
342464719,67190110861,2024.05.30,,,,0.15,,,,0.14,,,,0.11,,,,0.1,,,,0.11,,,,0.27,,,,0.74,,,,0.76,,,,0.96,,,,0.54,,,,0.48,,,,0.36,,,,0.39,,,,0.43,,,,0.41,,,,0.39,,,,0.59,,,,1.04,,,,1.27,,,,1.02,,,,1.01,,,,0.79,,,,0.48,,,,0.36,12.9
342464719,67190110861,2024.05.31,,,,0.22,,,,0.18,,,,0.14,,,,0.17,,,,0.21,,,,0.43,,,,1.02,,,,1.08,,,,1.11,,,,0.69,,,,0.53,,,,0.6,,,,0.62,,,,0.48,,,,0.55,,,,0.57,,,,0.73,,,,1.5,,,,1.62,,,,1.57,,,,1.56,,,,1.01,,,,0.73,,,,0.43,17.75
342464719,67190110861,2024.06.01,,,,0.24,,,,0.23,,,,0.19,,,,0.15,,,,0.21,,,,0.37,,,,0.79,,,,1.06,,,,1.11,,,,0.71,,,,0.67,,,,0.66,,,,0.55,,,,0.57,,,,0.52,,,,0.54,,,,0.83,,,,1.28,,,,1.88,,,,1.34,,,,1.17,,,,1.14,,,,0.7,,,,0.36,17.27
342464719,67190110861,2024.06.02,,,,0.27,,,,0.18,,,,0.18,,,,0.15,,,,0.18,,,,0.43,,,,1.18,,,,1.25,,,,1.27,,,,0.66,,,,0.75,,,,0.57,,,,0.64,,,,0.61,,,,0.69,,,,0.62,,,,0.76,,,,1.21,,,,1.87,,,,1.63,,,,1.55,,,,1.14,,,,0.77,,,,0.41,18.97
342464719,67190110861,2024.06.03,,,,0.28,,,,0.22,,,,0.21,,,,0.15,,,,0.21,,,,0.47,,,,1.0,,,,1.33,,,,1.35,,,,0.82,,,,0.69,,,,0.55,,,,0.54,,,,0.65,,,,0.54,,,,0.68,,,,0.94,,,,1.48,,,,2.09,,,,1.54,,,,1.38,,,,1.06,,,,0.76,,,,0.44,19.38
342464719,67190110861,2024.06.04,,,,0.23,,,,0.23,,,,0.19,,,,0.14,,,,0.18,,,,0.46,,,,0.82,,,,1.05,,,,1.0,,,,0.73,,,,0.57,,,,0.71,,,,0.57,,,,0.56,,,,0.56,,,,0.6,,,,0.83,,,,1.37,,,,1.88,,,,1.56,,,,1.66,,,,1.27,,,,0.77,,,,0.38,18.32
342464719,67190110861,2024.06.05,,,,0.21,,,,0.18,,,,0.17,,,,0.16,,,,0.19,,,,0.46,,,,1.09,,,,1.3,,,,1.07,,,,0.75,,,,0.56,,,,0.55,,,,0.5,,,,0.51,,,,0.58,,,,0.7,,,,0.74,,,,1.34,,,,1.65,,,,1.48,,,,1.4,,,,1.07,,,,0.78,,,,0.44,17.88
342464719,67190110861,2024.06.06,,,,0.21,,,,0.18,,,,0.17,,,,0.17,,,,0.18,,,,0.43,,,,1.02,,,,1.33,,,,1.25,,,,0.71,,,,0.64,,,,0.65,,,,0.58,,,,0.51,,,,0.51,,,,0.68,,,,0.93,,,,1.07,,,,1.71,,,,1.57,,,,1.16,,,,1.3,,,,0.65,,,,0.38,17.99
342464719,67190110861,2024.06.07,,,,0.23,,,,0.21,,,,0.14,,,,0.17,,,,0.18,,,,0.34,,,,0.9,,,,1.17,,,,1.03,,,,0.78,,,,0.69,,,,0.66,,,,0.52,,,,0.61,,,,0.59,,,,0.55,,,,0.72,,,,1.18,,,,1.77,,,,1.51,,,,1.34,,,,1.16,,,,0.66,,,,0.45,17.56
342464719,67190110861,2024.06.08,,,,0.23,,,,0.23,,,,0.18,,,,0.15,,,,0.19,,,,0.4,,,,1.03,,,,1.16,,,,1.02,,,,0.61,,,,0.63,,,,0.6,,,,0.63,,,,0.5,,,,0.54,,,,0.7,,,,0.9,,,,1.22,,,,1.7,,,,1.44,,,,1.58,,,,1.05,,,,0.81,,,,0.47,17.97
342464719,67190110861,2024.06.09,,,,0.24,,,,0.18,,,,0.17,,,,0.15,,,,0.19,,,,0.47,,,,1.2,,,,1.24,,,,1.25,,,,0.65,,,,0.66,,,,0.57,,,,0.63,,,,0.62,,,,0.63,,,,0.58,,,,0.83,,,,1.42,,,,1.79,,,,1.86,,,,1.53,,,,1.18,,,,0.74,,,,0.42,19.2
342464719,67190110861,2024.06.10,,,,0.23,,,,0.21,,,,0.16,,,,0.17,,,,0.21,,,,0.38,,,,0.96,,,,1.15,,,,1.08,,,,0.83,,,,0.6,,,,0.62,,,,0.53,,,,0.66,,,,0.64,,,,0.63,,,,0.87,,,,1.41,,,,1.9,,,,1.53,,,,1.63,,,,1.4,,,,0.84,,,,0.5,19.14
342464719,67190110861,2024.06.11,,,,0.26,,,,0.19,,,,0.19,,,,0.14,,,,0.2,,,,0.39,,,,1.0,,,,1.29,,,,0.97,,,,0.8,,,,0.63,,,,0.68,,,,0.56,,,,0.49,,,,0.66,,,,0.59,,,,0.9,,,,1.34,,,,1.67,,,,1.46,,,,1.46,,,,1.04,,,,0.6,,,,0.39,17.9
342464719,67190110861,2024.06.12,,,,0.2,,,,0.24,,,,0.18,,,,0.15,,,,0.22,,,,0.4,,,,1.04,,,,1.3,,,,1.27,,,,0.68,,,,0.7,,,,0.53,,,,0.67,,,,0.51,,,,0.62,,,,0.63,,,,0.88,,,,1.12,,,,1.88,,,,1.33,,,,1.48,,,,1.08,,,,0.68,,,,0.48,18.27
342464719,67190110861,2024.06.13,,,,0.24,,,,0.18,,,,0.15,,,,0.15,,,,0.21,,,,0.43,,,,0.88,,,,1.16,,,,1.04,,,,0.62,,,,0.65,,,,0.59,,,,0.52,,,,0.52,,,,0.53,,,,0.64,,,,1.02,,,,1.1,,,,1.48,,,,1.74,,,,1.68,,,,1.11,,,,0.65,,,,0.39,17.68
342464719,67190110861,2024.06.14,,,,0.24,,,,0.19,,,,0.14,,,,0.16,,,,0.16,,,,0.47,,,,0.98,,,,1.0,,,,1.19,,,,0.71,,,,0.73,,,,0.57,,,,0.54,,,,0.58,,,,0.56,,,,0.68,,,,0.78,,,,1.29,,,,1.43,,,,1.54,,,,1.51,,,,1.2,,,,0.65,,,,0.39,17.69
342464719,67190110861,2024.06.15,,,,0.27,,,,0.22,,,,0.15,,,,0.15,,,,0.18,,,,0.45,,,,0.82,,,,1.09,,,,1.25,,,,0.63,,,,0.62,,,,0.58,,,,0.54,,,,0.53,,,,0.61,,,,0.55,,,,0.84,,,,1.38,,,,1.83,,,,1.27,,,,1.26,,,,1.09,,,,0.7,,,,0.43,17.44
342464719,67190110861,2024.06.16,,,,0.27,,,,0.18,,,,0.15,,,,0.16,,,,0.22,,,,0.42,,,,1.08,,,,1.21,,,,1.31,,,,0.83,,,,0.63,,,,0.56,,,,0.58,,,,0.53,,,,0.65,,,,0.74,,,,0.92,,,,1.51,,,,1.7,,,,1.46,,,,1.56,,,,1.18,,,,0.87,,,,0.43,19.15
342464719,67190110861,2024.06.17,,,,0.22,,,,0.24,,,,0.15,,,,0.18,,,,0.23,,,,0.48,,,,1.05,,,,1.25,,,,1.31,,,,0.7,,,,0.66,,,,0.64,,,,0.62,,,,0.55,,,,0.58,,,,0.67,,,,0.95,,,,1.22,,,,1.9,,,,1.69,,,,1.55,,,,1.21,,,,0.85,,,,0.4,19.3
342464719,67190110861,2024.06.18,,,,0.25,,,,0.17,,,,0.19,,,,0.17,,,,0.18,,,,0.37,,,,1.07,,,,1.14,,,,1.28,,,,0.63,,,,0.52,,,,0.69,,,,0.62,,,,0.6,,,,0.56,,,,0.68,,,,0.89,,,,1.34,,,,1.92,,,,1.57,,,,1.42,,,,1.09,,,,0.81,,,,0.4,18.56
342464719,67190110861,2024.06.19,,,,0.24,,,,0.18,,,,0.17,,,,0.17,,,,0.17,,,,0.35,,,,0.82,,,,1.27,,,,1.3,,,,0.59,,,,0.65,,,,0.58,,,,0.55,,,,0.62,,,,0.55,,,,0.6,,,,0.66,,,,1.11,,,,1.57,,,,1.29,,,,1.48,,,,1.04,,,,0.73,,,,0.4,17.09
342464719,67190110861,2024.06.20,,,,0.21,,,,0.21,,,,0.19,,,,0.14,,,,0.22,,,,0.42,,,,0.95,,,,1.16,,,,0.91,,,,0.62,,,,0.64,,,,0.53,,,,0.64,,,,0.53,,,,0.54,,,,0.69,,,,0.77,,,,1.26,,,,1.79,,,,1.72,,,,1.54,,,,1.16,,,,0.83,,,,0.5,18.17
342464719,67190110861,2024.06.21,,,,0.22,,,,0.18,,,,0.16,,,,0.14,,,,0.2,,,,0.42,,,,0.98,,,,0.97,,,,1.15,,,,0.68,,,,0.63,,,,0.58,,,,0.53,,,,0.49,,,,0.53,,,,0.7,,,,0.96,,,,1.32,,,,1.43,,,,1.56,,,,1.53,,,,1.29,,,,0.65,,,,0.37,17.67
342464719,67190110861,2024.06.22,,,,0.25,,,,0.2,,,,0.16,,,,0.13,,,,0.2,,,,0.46,,,,1.1,,,,1.22,,,,1.16,,,,0.63,,,,0.65,,,,0.57,,,,0.59,,,,0.51,,,,0.55,,,,0.52,,,,0.78,,,,1.2,,,,1.53,,,,1.75,,,,1.36,,,,1.15,,,,0.82,,,,0.5,17.99
342464719,67190110861,2024.06.23,,,,0.26,,,,0.23,,,,0.17,,,,0.16,,,,0.2,,,,0.45,,,,1.05,,,,1.16,,,,1.04,,,,0.77,,,,0.6,,,,0.62,,,,0.61,,,,0.61,,,,0.68,,,,0.76,,,,0.86,,,,1.45,,,,1.81,,,,1.51,,,,1.23,,,,1.07,,,,0.8,,,,0.49,18.59
342464719,67190110861,2024.06.24,,,,0.29,,,,0.19,,,,0.15,,,,0.18,,,,0.17,,,,0.41,,,,1.06,,,,1.33,,,,1.01,,,,0.65,,,,0.59,,,,0.61,,,,0.6,,,,0.53,,,,0.6,,,,0.72,,,,0.77,,,,1.26,,,,1.75,,,,1.46,,,,1.39,,,,1.22,,,,0.87,,,,0.48,18.29
342464719,67190110861,2024.06.25,,,,0.24,,,,0.21,,,,0.15,,,,0.16,,,,0.2,,,,0.35,,,,1.06,,,,1.21,,,,1.03,,,,0.78,,,,0.52,,,,0.57,,,,0.53,,,,0.59,,,,0.63,,,,0.61,,,,0.9,,,,1.22,,,,1.75,,,,1.55,,,,1.42,,,,1.26,,,,0.69,,,,0.4,18.03
342464719,67190110861,2024.06.26,,,,0.25,,,,0.22,,,,0.16,,,,0.13,,,,0.19,,,,0.42,,,,0.89,,,,1.21,,,,1.27,,,,0.71,,,,0.62,,,,0.55,,,,0.52,,,,0.61,,,,0.55,,,,0.59,,,,0.89,,,,1.26,,,,1.79,,,,1.34,,,,1.61,,,,1.29,,,,0.77,,,,0.51,18.35
342464719,67190110861,2024.06.27,,,,0.21,,,,0.19,,,,0.17,,,,0.17,,,,0.2,,,,0.38,,,,0.9,,,,1.11,,,,0.97,,,,0.76,,,,0.6,,,,0.51,,,,0.54,,,,0.58,,,,0.65,,,,0.66,,,,0.78,,,,1.48,,,,1.8,,,,1.36,,,,1.47,,,,1.28,,,,0.71,,,,0.41,17.89
342464719,67190110861,2024.06.28,,,,0.23,,,,0.18,,,,0.17,,,,0.16,,,,0.16,,,,0.46,,,,1.05,,,,1.26,,,,1.31,,,,0.61,,,,0.62,,,,0.62,,,,0.65,,,,0.58,,,,0.54,,,,0.68,,,,0.75,,,,1.47,,,,1.94,,,,1.39,,,,1.5,,,,1.0,,,,0.73,,,,0.44,18.5
342464719,67190110861,2024.06.29,,,,0.24,,,,0.21,,,,0.16,,,,0.15,,,,0.21,,,,0.48,,,,0.8,,,,1.34,,,,0.98,,,,0.77,,,,0.59,,,,0.51,,,,0.58,,,,0.57,,,,0.58,,,,0.55,,,,0.85,,,,1.4,,,,1.67,,,,1.44,,,,1.4,,,,0.99,,,,0.82,,,,0.5,17.79
342464719,67190110861,2024.06.30,,,,0.25,,,,0.2,,,,0.19,,,,0.17,,,,0.21,,,,0.47,,,,1.14,,,,1.28,,,,1.14,,,,0.85,,,,0.66,,,,0.64,,,,0.54,,,,0.62,,,,0.63,,,,0.61,,,,0.78,,,,1.49,,,,1.89,,,,1.5,,,,1.36,,,,1.32,,,,0.67,,,,0.45,19.06
342464719,67190110861,2024.07.01,,,,0.21,,,,0.19,,,,0.16,,,,0.15,,,,0.18,,,,0.42,,,,1.0,,,,1.28,,,,1.15,,,,0.81,,,,0.6,,,,0.6,,,,0.53,,,,0.5,,,,0.66,,,,0.65,,,,1.02,,,,1.37,,,,1.99,,,,1.34,,,,1.26,,,,1.05,,,,0.69,,,,0.46,18.27
342464719,67190110861,2024.07.02,,,,0.25,,,,0.17,,,,0.19,,,,0.17,,,,0.18,,,,0.36,,,,0.89,,,,1.03,,,,1.02,,,,0.72,,,,0.58,,,,0.58,,,,0.63,,,,0.58,,,,0.66,,,,0.59,,,,0.75,,,,1.35,,,,1.51,,,,1.33,,,,1.48,,,,1.22,,,,0.71,,,,0.43,17.38
342464719,67190110861,2024.07.03,,,,0.23,,,,0.18,,,,0.16,,,,0.14,,,,0.18,,,,0.48,,,,1.05,,,,1.27,,,,1.09,,,,0.68,,,,0.58,,,,0.51,,,,0.51,,,,0.6,,,,0.63,,,,0.64,,,,0.83,,,,1.39,,,,1.53,,,,1.35,,,,1.3,,,,1.28,,,,0.81,,,,0.42,17.84
342464719,67190110861,2024.07.04,,,,0.27,,,,0.21,,,,0.15,,,,0.16,,,,0.19,,,,0.45,,,,0.89,,,,1.29,,,,1.09,,,,0.8,,,,0.63,,,,0.61,,,,0.66,,,,0.62,,,,0.65,,,,0.55,,,,0.83,,,,1.06,,,,1.7,,,,1.55,,,,1.36,,,,1.14,,,,0.81,,,,0.41,18.08
342464719,67190110861,2024.07.05,,,,0.25,,,,0.18,,,,0.15,,,,0.14,,,,0.23,,,,0.46,,,,1.04,,,,1.39,,,,1.0,,,,0.71,,,,0.71,,,,0.59,,,,0.56,,,,0.52,,,,0.57,,,,0.61,,,,0.8,,,,1.22,,,,1.65,,,,1.58,,,,1.35,,,,1.18,,,,0.65,,,,0.4,17.94
342464719,67190110861,2024.07.06,,,,0.26,,,,0.2,,,,0.15,,,,0.16,,,,0.2,,,,0.46,,,,1.01,,,,1.25,,,,1.11,,,,0.61,,,,0.56,,,,0.56,,,,0.56,,,,0.57,,,,0.53,,,,0.56,,,,0.82,,,,1.08,,,,1.8,,,,1.29,,,,1.49,,,,1.35,,,,0.69,,,,0.45,17.72
342464719,67190110861,2024.07.07,,,,0.21,,,,0.22,,,,0.18,,,,0.16,,,,0.21,,,,0.5,,,,0.96,,,,1.06,,,,1.33,,,,0.76,,,,0.73,,,,0.59,,,,0.66,,,,0.56,,,,0.66,,,,0.71,,,,0.92,,,,1.3,,,,1.65,,,,1.45,,,,1.33,,,,1.13,,,,0.81,,,,0.49,18.58
342464719,67190110861,2024.07.08,,,,0.23,,,,0.22,,,,0.15,,,,0.14,,,,0.17,,,,0.41,,,,0.93,,,,1.16,,,,1.12,,,,0.8,,,,0.54,,,,0.65,,,,0.63,,,,0.61,,,,0.72,,,,0.58,,,,0.79,,,,1.51,,,,1.73,,,,1.66,,,,1.55,,,,1.28,,,,0.82,,,,0.55,18.95
342464719,67190110861,2024.07.09,,,,0.25,,,,0.18,,,,0.18,,,,0.13,,,,0.19,,,,0.45,,,,0.9,,,,1.08,,,,1.0,,,,0.78,,,,0.66,,,,0.62,,,,0.55,,,,0.6,,,,0.64,,,,0.57,,,,0.79,,,,1.14,,,,1.94,,,,1.66,,,,1.55,,,,1.06,,,,0.8,,,,0.49,18.21
342464719,67190110861,2024.07.10,,,,0.26,,,,0.23,,,,0.16,,,,0.13,,,,0.21,,,,0.43,,,,1.01,,,,1.03,,,,1.13,,,,0.71,,,,0.6,,,,0.62,,,,0.61,,,,0.5,,,,0.55,,,,0.57,,,,0.74,,,,1.41,,,,1.93,,,,1.44,,,,1.52,,,,1.26,,,,0.79,,,,0.4,18.24
342464719,67190110861,2024.07.11,,,,0.27,,,,0.19,,,,0.16,,,,0.13,,,,0.18,,,,0.37,,,,0.91,,,,1.13,,,,1.25,,,,0.78,,,,0.56,,,,0.65,,,,0.62,,,,0.6,,,,0.53,,,,0.68,,,,1.0,,,,1.36,,,,1.64,,,,1.51,,,,1.52,,,,1.18,,,,0.66,,,,0.43,18.31
342464719,67190110861,2024.07.12,,,,0.25,,,,0.22,,,,0.15,,,,0.17,,,,0.19,,,,0.44,,,,1.05,,,,1.37,,,,1.2,,,,0.68,,,,0.7,,,,0.51,,,,0.63,,,,0.54,,,,0.66,,,,0.6,,,,0.96,,,,1.17,,,,1.52,,,,1.61,,,,1.43,,,,1.31,,,,0.71,,,,0.41,18.48
342464719,67190110861,2024.07.13,,,,0.26,,,,0.21,,,,0.15,,,,0.15,,,,0.19,,,,0.45,,,,0.95,,,,1.27,,,,1.26,,,,0.76,,,,0.58,,,,0.68,,,,0.6,,,,0.58,,,,0.56,,,,0.67,,,,0.94,,,,1.17,,,,1.61,,,,1.6,,,,1.31,,,,1.34,,,,0.79,,,,0.49,18.57
342464719,67190110861,2024.07.14,,,,0.23,,,,0.19,,,,0.21,,,,0.15,,,,0.22,,,,0.41,,,,0.9,,,,1.04,,,,1.18,,,,0.82,,,,0.64,,,,0.56,,,,0.56,,,,0.57,,,,0.6,,,,0.75,,,,0.88,,,,1.34,,,,1.51,,,,1.87,,,,1.42,,,,1.07,,,,0.82,,,,0.49,18.43
342464719,67190110861,2024.07.15,,,,0.23,,,,0.19,,,,0.19,,,,0.15,,,,0.21,,,,0.44,,,,1.02,,,,1.2,,,,1.11,,,,0.78,,,,0.66,,,,0.59,,,,0.64,,,,0.64,,,,0.61,,,,0.76,,,,0.85,,,,1.14,,,,1.63,,,,1.62,,,,1.37,,,,1.04,,,,0.83,,,,0.51,18.41
342464719,67190110861,2024.07.16,,,,0.25,,,,0.19,,,,0.15,,,,0.14,,,,0.21,,,,0.49,,,,0.97,,,,1.07,,,,1.15,,,,0.66,,,,0.61,,,,0.6,,,,0.61,,,,0.47,,,,0.52,,,,0.7,,,,0.76,,,,1.14,,,,1.61,,,,1.37,,,,1.39,,,,1.25,,,,0.69,,,,0.41,17.41
342464719,67190110861,2024.07.17,,,,0.25,,,,0.21,,,,0.18,,,,0.18,,,,0.17,,,,0.45,,,,0.95,,,,1.38,,,,1.16,,,,0.79,,,,0.7,,,,0.53,,,,0.58,,,,0.62,,,,0.64,,,,0.58,,,,0.88,,,,1.25,,,,1.41,,,,1.46,,,,1.29,,,,1.25,,,,0.71,,,,0.47,18.09
342464719,67190110861,2024.07.18,,,,0.19,,,,0.19,,,,0.15,,,,0.14,,,,0.17,,,,0.39,,,,1.01,,,,1.1,,,,1.13,,,,0.62,,,,0.68,,,,0.65,,,,0.57,,,,0.52,,,,0.53,,,,0.68,,,,0.71,,,,1.2,,,,1.61,,,,1.41,,,,1.23,,,,1.29,,,,0.66,,,,0.44,17.27
342464719,67190110861,2024.07.19,,,,0.21,,,,0.17,,,,0.2,,,,0.14,,,,0.21,,,,0.42,,,,0.85,,,,1.31,,,,1.07,,,,0.8,,,,0.56,,,,0.63,,,,0.47,,,,0.53,,,,0.62,,,,0.7,,,,0.94,,,,1.49,,,,1.91,,,,1.41,,,,1.37,,,,1.06,,,,0.69,,,,0.43,18.19
342464719,67190110861,2024.07.20,,,,0.24,,,,0.18,,,,0.18,,,,0.14,,,,0.18,,,,0.4,,,,1.02,,,,1.27,,,,1.22,,,,0.68,,,,0.62,,,,0.52,,,,0.54,,,,0.54,,,,0.52,,,,0.6,,,,0.93,,,,1.44,,,,1.61,,,,1.36,,,,1.31,,,,1.12,,,,0.8,,,,0.4,17.82
342464719,67190110861,2024.07.21,,,,0.28,,,,0.18,,,,0.2,,,,0.15,,,,0.21,,,,0.39,,,,1.04,,,,1.08,,,,1.06,,,,0.84,,,,0.71,,,,0.72,,,,0.62,,,,0.66,,,,0.54,,,,0.61,,,,0.84,,,,1.36,,,,1.69,,,,1.46,,,,1.51,,,,1.29,,,,0.75,,,,0.41,18.6
342464719,67190110861,2024.07.22,,,,0.24,,,,0.19,,,,0.16,,,,0.17,,,,0.22,,,,0.44,,,,0.94,,,,1.38,,,,1.07,,,,0.71,,,,0.71,,,,0.56,,,,0.53,,,,0.65,,,,0.6,,,,0.71,,,,0.75,,,,1.44,,,,1.61,,,,1.42,,,,1.54,,,,1.09,,,,0.72,,,,0.42,18.27
342464719,67190110861,2024.07.23,,,,0.2,,,,0.19,,,,0.14,,,,0.17,,,,0.15,,,,0.42,,,,0.85,,,,1.15,,,,1.29,,,,0.63,,,,0.73,,,,0.53,,,,0.63,,,,0.56,,,,0.64,,,,0.64,,,,0.85,,,,1.14,,,,1.41,,,,1.8,,,,1.39,,,,1.09,,,,0.76,,,,0.42,17.78
342464719,67190110861,2024.07.24,,,,0.26,,,,0.21,,,,0.16,,,,0.16,,,,0.17,,,,0.39,,,,1.0,,,,1.05,,,,1.23,,,,0.79,,,,0.62,,,,0.54,,,,0.65,,,,0.56,,,,0.58,,,,0.6,,,,0.99,,,,1.33,,,,1.75,,,,1.65,,,,1.37,,,,1.09,,,,0.81,,,,0.41,18.37
342464719,67190110861,2024.07.25,,,,0.26,,,,0.23,,,,0.16,,,,0.16,,,,0.21,,,,0.49,,,,0.92,,,,0.98,,,,1.08,,,,0.73,,,,0.63,,,,0.64,,,,0.56,,,,0.59,,,,0.55,,,,0.69,,,,0.85,,,,1.14,,,,1.55,,,,1.65,,,,1.34,,,,1.08,,,,0.84,,,,0.47,17.8
342464719,67190110861,2024.07.26,,,,0.27,,,,0.19,,,,0.16,,,,0.17,,,,0.19,,,,0.45,,,,0.91,,,,1.23,,,,1.0,,,,0.67,,,,0.53,,,,0.53,,,,0.65,,,,0.53,,,,0.62,,,,0.69,,,,0.87,,,,1.14,,,,1.85,,,,1.67,,,,1.52,,,,1.19,,,,0.83,,,,0.46,18.32
342464719,67190110861,2024.07.27,,,,0.23,,,,0.21,,,,0.15,,,,0.17,,,,0.17,,,,0.4,,,,1.04,,,,1.2,,,,1.08,,,,0.72,,,,0.7,,,,0.55,,,,0.65,,,,0.47,,,,0.65,,,,0.69,,,,0.81,,,,1.32,,,,1.51,,,,1.63,,,,1.41,,,,1.19,,,,0.66,,,,0.4,18.01
342464719,67190110861,2024.07.28,,,,0.25,,,,0.2,,,,0.19,,,,0.18,,,,0.21,,,,0.42,,,,1.14,,,,1.38,,,,1.3,,,,0.72,,,,0.6,,,,0.52,,,,0.65,,,,0.5,,,,0.57,,,,0.69,,,,0.92,,,,1.37,,,,1.57,,,,1.5,,,,1.58,,,,1.38,,,,0.83,,,,0.52,19.19
342464719,67190110861,2024.07.29,,,,0.27,,,,0.19,,,,0.16,,,,0.17,,,,0.21,,,,0.43,,,,0.96,,,,1.25,,,,1.16,,,,0.77,,,,0.59,,,,0.66,,,,0.54,,,,0.51,,,,0.62,,,,0.71,,,,0.89,,,,1.23,,,,1.74,,,,1.52,,,,1.72,,,,1.29,,,,0.76,,,,0.43,18.78
342464719,67190110861,2024.07.30,,,,0.26,,,,0.18,,,,0.16,,,,0.15,,,,0.22,,,,0.36,,,,0.97,,,,1.26,,,,1.11,,,,0.65,,,,0.71,,,,0.58,,,,0.59,,,,0.51,,,,0.57,,,,0.62,,,,0.72,,,,1.17,,,,1.89,,,,1.38,,,,1.33,,,,1.13,,,,0.8,,,,0.38,17.7
342464719,67190110861,2024.07.31,,,,0.25,,,,0.16,,,,0.13,,,,0.13,,,,0.2,,,,0.37,,,,0.84,,,,1.18,,,,1.31,,,,0.7,,,,0.62,,,,0.46,,,,0.54,,,,0.57,,,,0.6,,,,0.58,,,,0.8,,,,1.09,,,,1.68,,,,1.37,,,,1.47,,,,1.32,,,,0.84,,,,0.52,17.73
342464719,67190110861,2024.08.01,,,,0.24,,,,0.21,,,,0.16,,,,0.16,,,,0.19,,,,0.41,,,,1.06,,,,1.08,,,,1.01,,,,0.87,,,,0.55,,,,0.59,,,,0.65,,,,0.59,,,,0.61,,,,0.59,,,,0.77,,,,1.39,,,,1.76,,,,1.51,,,,1.21,,,,0.99,,,,0.85,,,,0.45,17.9
342464719,67190110861,2024.08.02,,,,0.24,,,,0.16,,,,0.18,,,,0.17,,,,0.21,,,,0.37,,,,1.0,,,,1.29,,,,1.07,,,,0.77,,,,0.65,,,,0.63,,,,0.59,,,,0.49,,,,0.57,,,,0.55,,,,0.95,,,,1.4,,,,1.8,,,,1.46,,,,1.32,,,,1.23,,,,0.76,,,,0.39,18.25
342464719,67190110861,2024.08.03,,,,0.26,,,,0.16,,,,0.16,,,,0.15,,,,0.17,,,,0.47,,,,0.85,,,,1.05,,,,1.02,,,,0.84,,,,0.6,,,,0.57,,,,0.48,,,,0.48,,,,0.57,,,,0.66,,,,0.94,,,,1.15,,,,1.62,,,,1.7,,,,1.34,,,,1.29,,,,0.68,,,,0.46,17.67
342464719,67190110861,2024.08.04,,,,0.26,,,,0.24,,,,0.18,,,,0.15,,,,0.22,,,,0.43,,,,1.0,,,,1.27,,,,1.31,,,,0.83,,,,0.66,,,,0.69,,,,0.66,,,,0.49,,,,0.64,,,,0.62,,,,0.83,,,,1.6,,,,1.82,,,,1.62,,,,1.61,,,,1.16,,,,0.88,,,,0.45,19.62
342464719,67190110861,2024.08.05,,,,0.28,,,,0.19,,,,0.2,,,,0.15,,,,0.19,,,,0.49,,,,0.99,,,,1.3,,,,1.17,,,,0.79,,,,0.62,,,,0.51,,,,0.54,,,,0.61,,,,0.57,,,,0.61,,,,0.88,,,,1.14,,,,1.92,,,,1.83,,,,1.35,,,,1.24,,,,0.84,,,,0.46,18.87
342464719,67190110861,2024.08.06,,,,0.25,,,,0.19,,,,0.16,,,,0.13,,,,0.19,,,,0.44,,,,0.83,,,,1.13,,,,1.29,,,,0.7,,,,0.64,,,,0.65,,,,0.6,,,,0.55,,,,0.62,,,,0.72,,,,0.79,,,,1.29,,,,1.67,,,,1.77,,,,1.47,,,,1.01,,,,0.83,,,,0.43,18.35
342464719,67190110861,2024.08.07,,,,0.21,,,,0.2,,,,0.16,,,,0.17,,,,0.18,,,,0.47,,,,0.98,,,,1.03,,,,1.24,,,,0.7,,,,0.59,,,,0.61,,,,0.65,,,,0.51,,,,0.54,,,,0.57,,,,0.82,,,,1.37,,,,1.58,,,,1.44,,,,1.34,,,,1.12,,,,0.83,,,,0.43,17.74
342464719,67190110861,2024.08.08,,,,0.29,,,,0.2,,,,0.15,,,,0.16,,,,0.2,,,,0.45,,,,1.09,,,,0.99,,,,0.95,,,,0.77,,,,0.57,,,,0.51,,,,0.49,,,,0.47,,,,0.63,,,,0.53,,,,0.85,,,,1.3,,,,1.64,,,,1.3,,,,1.54,,,,0.96,,,,0.79,,,,0.49,17.32
342464719,67190110861,2024.08.09,,,,0.22,,,,0.2,,,,0.16,,,,0.15,,,,0.21,,,,0.45,,,,0.93,,,,1.29,,,,1.27,,,,0.78,,,,0.63,,,,0.55,,,,0.53,,,,0.61,,,,0.53,,,,0.62,,,,0.78,,,,1.24,,,,1.65,,,,1.74,,,,1.23,,,,1.15,,,,0.63,,,,0.4,17.95
342464719,67190110861,2024.08.10,,,,0.23,,,,0.19,,,,0.16,,,,0.14,,,,0.17,,,,0.4,,,,1.12,,,,1.38,,,,1.02,,,,0.72,,,,0.71,,,,0.5,,,,0.62,,,,0.61,,,,0.52,,,,0.54,,,,0.95,,,,1.28,,,,1.4,,,,1.45,,,,1.37,,,,1.19,,,,0.79,,,,0.52,17.98
342464719,67190110861,2024.08.11,,,,0.22,,,,0.22,,,,0.18,,,,0.16,,,,0.18,,,,0.48,,,,1.06,,,,1.29,,,,1.19,,,,0.71,,,,0.62,,,,0.67,,,,0.6,,,,0.65,,,,0.64,,,,0.62,,,,0.96,,,,1.22,,,,1.58,,,,1.62,,,,1.52,,,,1.3,,,,0.8,,,,0.49,18.98
342464719,67190110861,2024.08.12,,,,0.26,,,,0.2,,,,0.18,,,,0.15,,,,0.18,,,,0.45,,,,0.92,,,,1.05,,,,1.25,,,,0.75,,,,0.62,,,,0.67,,,,0.58,,,,0.61,,,,0.53,,,,0.68,,,,1.01,,,,1.39,,,,1.89,,,,1.56,,,,1.31,,,,1.24,,,,0.73,,,,0.51,18.72
342464719,67190110861,2024.08.13,,,,0.23,,,,0.21,,,,0.19,,,,0.14,,,,0.18,,,,0.44,,,,1.09,,,,1.11,,,,1.03,,,,0.72,,,,0.65,,,,0.55,,,,0.6,,,,0.46,,,,0.53,,,,0.61,,,,0.8,,,,1.17,,,,1.63,,,,1.48,,,,1.26,,,,1.1,,,,0.85,,,,0.44,17.47
342464719,67190110861,2024.08.14,,,,0.23,,,,0.2,,,,0.2,,,,0.14,,,,0.2,,,,0.44,,,,1.01,,,,1.1,,,,1.24,,,,0.63,,,,0.64,,,,0.64,,,,0.55,,,,0.64,,,,0.48,,,,0.68,,,,0.83,,,,1.2,,,,1.45,,,,1.73,,,,1.2,,,,1.0,,,,0.7,,,,0.46,17.59
342464719,67190110861,2024.08.15,,,,0.23,,,,0.18,,,,0.17,,,,0.14,,,,0.18,,,,0.39,,,,1.07,,,,1.09,,,,1.11,,,,0.71,,,,0.7,,,,0.62,,,,0.61,,,,0.51,,,,0.49,,,,0.61,,,,0.78,,,,1.3,,,,1.8,,,,1.63,,,,1.56,,,,1.08,,,,0.78,,,,0.44,18.18
342464719,67190110861,2024.08.16,,,,0.21,,,,0.22,,,,0.13,,,,0.15,,,,0.18,,,,0.45,,,,1.03,,,,1.09,,,,1.16,,,,0.64,,,,0.64,,,,0.63,,,,0.59,,,,0.65,,,,0.55,,,,0.61,,,,0.91,,,,1.35,,,,1.5,,,,1.71,,,,1.4,,,,1.08,,,,0.73,,,,0.43,18.04
342464719,67190110861,2024.08.17,,,,0.24,,,,0.22,,,,0.17,,,,0.15,,,,0.19,,,,0.36,,,,0.88,,,,1.19,,,,1.03,,,,0.65,,,,0.6,,,,0.56,,,,0.52,,,,0.56,,,,0.55,,,,0.74,,,,0.92,,,,1.37,,,,1.48,,,,1.72,,,,1.59,,,,1.21,,,,0.65,,,,0.47,18.02
342464719,67190110861,2024.08.18,,,,0.26,,,,0.21,,,,0.18,,,,0.15,,,,0.2,,,,0.35,,,,1.04,,,,1.13,,,,1.07,,,,0.69,,,,0.65,,,,0.54,,,,0.63,,,,0.65,,,,0.54,,,,0.57,,,,0.78,,,,1.47,,,,1.73,,,,1.64,,,,1.24,,,,1.23,,,,0.85,,,,0.51,18.31
342464719,67190110861,2024.08.19,,,,0.26,,,,0.18,,,,0.15,,,,0.14,,,,0.19,,,,0.39,,,,0.92,,,,1.2,,,,1.3,,,,0.77,,,,0.75,,,,0.67,,,,0.52,,,,0.58,,,,0.59,,,,0.69,,,,0.88,,,,1.6,,,,1.63,,,,1.5,,,,1.66,,,,1.07,,,,0.84,,,,0.5,18.98
342464719,67190110861,2024.08.20,,,,0.26,,,,0.24,,,,0.21,,,,0.13,,,,0.21,,,,0.42,,,,1.0,,,,1.09,,,,1.2,,,,0.84,,,,0.7,,,,0.59,,,,0.5,,,,0.5,,,,0.66,,,,0.66,,,,0.83,,,,1.06,,,,1.55,,,,1.56,,,,1.62,,,,1.18,,,,0.7,,,,0.44,18.15
342464719,67190110861,2024.08.21,,,,0.21,,,,0.23,,,,0.15,,,,0.15,,,,0.18,,,,0.45,,,,1.04,,,,1.3,,,,1.03,,,,0.65,,,,0.56,,,,0.61,,,,0.49,,,,0.55,,,,0.67,,,,0.73,,,,0.85,,,,1.26,,,,1.48,,,,1.66,,,,1.57,,,,1.09,,,,0.71,,,,0.49,18.11
342464719,67190110861,2024.08.22,,,,0.28,,,,0.18,,,,0.17,,,,0.13,,,,0.17,,,,0.47,,,,1.03,,,,1.24,,,,0.98,,,,0.76,,,,0.65,,,,0.55,,,,0.59,,,,0.47,,,,0.62,,,,0.62,,,,0.74,,,,1.17,,,,1.39,,,,1.41,,,,1.42,,,,1.31,,,,0.65,,,,0.37,17.37
342464719,67190110861,2024.08.23,,,,0.24,,,,0.23,,,,0.16,,,,0.15,,,,0.2,,,,0.39,,,,0.84,,,,1.24,,,,1.11,,,,0.69,,,,0.66,,,,0.6,,,,0.5,,,,0.52,,,,0.5,,,,0.56,,,,0.87,,,,1.42,,,,1.89,,,,1.65,,,,1.31,,,,0.99,,,,0.8,,,,0.46,17.98
342464719,67190110861,2024.08.24,,,,0.23,,,,0.21,,,,0.19,,,,0.17,,,,0.17,,,,0.44,,,,1.02,,,,1.14,,,,1.2,,,,0.66,,,,0.71,,,,0.5,,,,0.57,,,,0.48,,,,0.58,,,,0.58,,,,0.8,,,,1.31,,,,1.94,,,,1.41,,,,1.23,,,,1.21,,,,0.77,,,,0.5,18.02
342464719,67190110861,2024.08.25,,,,0.22,,,,0.22,,,,0.16,,,,0.14,,,,0.21,,,,0.44,,,,1.07,,,,1.07,,,,1.14,,,,0.75,,,,0.74,,,,0.59,,,,0.56,,,,0.55,,,,0.63,,,,0.58,,,,0.97,,,,1.19,,,,1.91,,,,1.37,,,,1.55,,,,1.34,,,,0.68,,,,0.56,18.64
342464719,67190110861,2024.08.26,,,,0.25,,,,0.23,,,,0.18,,,,0.15,,,,0.17,,,,0.4,,,,0.88,,,,1.11,,,,1.04,,,,0.73,,,,0.67,,,,0.54,,,,0.54,,,,0.6,,,,0.58,,,,0.56,,,,0.79,,,,1.6,,,,1.97,,,,1.56,,,,1.58,,,,1.18,,,,0.82,,,,0.53,18.66
342464719,67190110861,2024.08.27,,,,0.26,,,,0.18,,,,0.14,,,,0.15,,,,0.22,,,,0.43,,,,1.11,,,,1.3,,,,1.01,,,,0.72,,,,0.65,,,,0.63,,,,0.63,,,,0.57,,,,0.52,,,,0.68,,,,0.75,,,,1.41,,,,1.95,,,,1.5,,,,1.48,,,,1.12,,,,0.7,,,,0.43,18.54
342464719,67190110861,2024.08.28,,,,0.25,,,,0.22,,,,0.19,,,,0.14,,,,0.2,,,,0.46,,,,0.89,,,,1.02,,,,1.0,,,,0.79,,,,0.67,,,,0.64,,,,0.54,,,,0.54,,,,0.51,,,,0.58,,,,0.84,,,,1.2,,,,1.66,,,,1.45,,,,1.44,,,,1.1,,,,0.75,,,,0.39,17.47
342464719,67190110861,2024.08.29,,,,0.2,,,,0.22,,,,0.15,,,,0.17,,,,0.21,,,,0.37,,,,0.84,,,,1.23,,,,1.24,,,,0.76,,,,0.64,,,,0.64,,,,0.53,,,,0.61,,,,0.65,,,,0.55,,,,0.78,,,,1.16,,,,1.55,,,,1.76,,,,1.41,,,,1.02,,,,0.67,,,,0.5,17.86
342464719,67190110861,2024.08.30,,,,0.25,,,,0.19,,,,0.15,,,,0.17,,,,0.21,,,,0.4,,,,0.79,,,,1.02,,,,1.02,,,,0.71,,,,0.72,,,,0.57,,,,0.61,,,,0.53,,,,0.62,,,,0.66,,,,0.75,,,,1.23,,,,1.6,,,,1.35,,,,1.35,,,,1.21,,,,0.87,,,,0.45,17.43
342464719,67190110861,2024.08.31,,,,0.17,,,,0.13,,,,0.12,,,,0.1,,,,0.14,,,,0.25,,,,0.67,,,,0.81,,,,0.74,,,,0.42,,,,0.37,,,,0.34,,,,0.41,,,,0.34,,,,0.37,,,,0.46,,,,0.53,,,,0.83,,,,1.01,,,,1.24,,,,1.06,,,,0.87,,,,0.49,,,,0.32,12.19
342464719,67190110861,2024.09.01,,,,0.14,,,,0.12,,,,0.1,,,,0.1,,,,0.13,,,,0.28,,,,0.59,,,,0.78,,,,0.86,,,,0.47,,,,0.46,,,,0.4,,,,0.43,,,,0.38,,,,0.37,,,,0.4,,,,0.63,,,,0.97,,,,1.14,,,,0.95,,,,1.15,,,,0.85,,,,0.52,,,,0.32,12.54
342464719,67190110861,2024.09.02,,,,0.15,,,,0.14,,,,0.11,,,,0.12,,,,0.13,,,,0.28,,,,0.7,,,,0.99,,,,0.86,,,,0.51,,,,0.49,,,,0.38,,,,0.43,,,,0.34,,,,0.41,,,,0.42,,,,0.69,,,,0.89,,,,1.23,,,,1.1,,,,1.06,,,,0.76,,,,0.46,,,,0.32,12.97
342464719,67190110861,2024.09.03,,,,0.14,,,,0.13,,,,0.11,,,,0.11,,,,0.12,,,,0.24,,,,0.63,,,,0.94,,,,0.79,,,,0.46,,,,0.41,,,,0.34,,,,0.43,,,,0.37,,,,0.37,,,,0.42,,,,0.48,,,,1.01,,,,1.07,,,,1.05,,,,0.9,,,,0.82,,,,0.53,,,,0.3,12.17
342464719,67190110861,2024.09.04,,,,0.16,,,,0.15,,,,0.1,,,,0.1,,,,0.12,,,,0.3,,,,0.64,,,,0.82,,,,0.75,,,,0.43,,,,0.38,,,,0.34,,,,0.39,,,,0.34,,,,0.35,,,,0.45,,,,0.63,,,,0.79,,,,1.07,,,,0.83,,,,1.0,,,,0.88,,,,0.43,,,,0.25,11.7
342464719,67190110861,2024.09.05,,,,0.18,,,,0.14,,,,0.09,,,,0.12,,,,0.12,,,,0.27,,,,0.69,,,,0.9,,,,0.71,,,,0.54,,,,0.41,,,,0.43,,,,0.37,,,,0.4,,,,0.44,,,,0.39,,,,0.64,,,,0.86,,,,1.19,,,,0.93,,,,1.05,,,,0.77,,,,0.48,,,,0.33,12.45
342464719,67190110861,2024.09.06,,,,0.14,,,,0.12,,,,0.11,,,,0.1,,,,0.13,,,,0.24,,,,0.75,,,,0.67,,,,0.67,,,,0.41,,,,0.45,,,,0.44,,,,0.39,,,,0.39,,,,0.33,,,,0.41,,,,0.58,,,,0.84,,,,1.02,,,,1.04,,,,0.95,,,,0.85,,,,0.51,,,,0.27,11.81
342464719,67190110861,2024.09.07,,,,0.16,,,,0.11,,,,0.12,,,,0.11,,,,0.12,,,,0.31,,,,0.62,,,,0.69,,,,0.82,,,,0.45,,,,0.46,,,,0.44,,,,0.43,,,,0.35,,,,0.41,,,,0.43,,,,0.51,,,,0.86,,,,1.07,,,,0.9,,,,0.89,,,,0.85,,,,0.55,,,,0.26,11.92
342464719,67190110861,2024.09.08,,,,0.15,,,,0.14,,,,0.13,,,,0.09,,,,0.14,,,,0.27,,,,0.68,,,,0.79,,,,0.87,,,,0.46,,,,0.44,,,,0.37,,,,0.42,,,,0.43,,,,0.38,,,,0.46,,,,0.61,,,,0.79,,,,1.11,,,,0.97,,,,1.06,,,,0.85,,,,0.45,,,,0.3,12.36
342464719,67190110861,2024.09.09,,,,0.19,,,,0.16,,,,0.12,,,,0.11,,,,0.14,,,,0.28,,,,0.71,,,,0.81,,,,0.82,,,,0.51,,,,0.46,,,,0.42,,,,0.39,,,,0.35,,,,0.4,,,,0.46,,,,0.55,,,,1.0,,,,1.09,,,,1.06,,,,0.88,,,,0.76,,,,0.61,,,,0.3,12.58
342464719,67190110861,2024.09.10,,,,0.14,,,,0.13,,,,0.1,,,,0.09,,,,0.11,,,,0.29,,,,0.65,,,,0.78,,,,0.74,,,,0.54,,,,0.41,,,,0.36,,,,0.34,,,,0.37,,,,0.42,,,,0.38,,,,0.6,,,,0.75,,,,1.15,,,,1.06,,,,0.91,,,,0.82,,,,0.44,,,,0.31,11.89
342464719,67190110861,2024.09.11,,,,0.13,,,,0.15,,,,0.09,,,,0.11,,,,0.12,,,,0.29,,,,0.61,,,,0.89,,,,0.65,,,,0.44,,,,0.42,,,,0.34,,,,0.34,,,,0.41,,,,0.45,,,,0.4,,,,0.61,,,,0.9,,,,1.05,,,,1.12,,,,0.98,,,,0.9,,,,0.46,,,,0.3,12.16
342464719,67190110861,2024.09.12,,,,0.14,,,,0.12,,,,0.1,,,,0.12,,,,0.15,,,,0.29,,,,0.65,,,,0.73,,,,0.67,,,,0.44,,,,0.39,,,,0.43,,,,0.4,,,,0.32,,,,0.33,,,,0.37,,,,0.54,,,,0.98,,,,1.18,,,,1.12,,,,0.91,,,,0.72,,,,0.46,,,,0.33,11.89
342464719,67190110861,2024.09.13,,,,0.18,,,,0.12,,,,0.11,,,,0.1,,,,0.13,,,,0.32,,,,0.66,,,,0.77,,,,0.65,,,,0.41,,,,0.39,,,,0.33,,,,0.43,,,,0.38,,,,0.38,,,,0.47,,,,0.52,,,,0.76,,,,1.04,,,,1.02,,,,0.89,,,,0.74,,,,0.47,,,,0.33,11.6
342464719,67190110861,2024.09.14,,,,0.14,,,,0.12,,,,0.1,,,,0.11,,,,0.11,,,,0.29,,,,0.63,,,,0.78,,,,0.74,,,,0.43,,,,0.38,,,,0.38,,,,0.4,,,,0.33,,,,0.35,,,,0.48,,,,0.48,,,,0.92,,,,1.24,,,,0.96,,,,0.81,,,,0.68,,,,0.53,,,,0.32,11.71
342464719,67190110861,2024.09.15,,,,0.18,,,,0.17,,,,0.12,,,,0.1,,,,0.12,,,,0.31,,,,0.62,,,,0.68,,,,0.82,,,,0.47,,,,0.49,,,,0.42,,,,0.36,,,,0.44,,,,0.36,,,,0.45,,,,0.57,,,,0.83,,,,1.17,,,,0.92,,,,1.0,,,,0.79,,,,0.57,,,,0.34,12.3
342464719,67190110861,2024.09.16,,,,0.15,,,,0.13,,,,0.11,,,,0.11,,,,0.15,,,,0.31,,,,0.58,,,,0.8,,,,0.69,,,,0.51,,,,0.4,,,,0.48,,,,0.43,,,,0.37,,,,0.41,,,,0.49,,,,0.59,,,,0.82,,,,1.14,,,,1.15,,,,1.02,,,,0.83,,,,0.58,,,,0.37,12.62
342464719,67190110861,2024.09.17,,,,0.17,,,,0.12,,,,0.11,,,,0.11,,,,0.15,,,,0.28,,,,0.6,,,,0.83,,,,0.84,,,,0.42,,,,0.41,,,,0.34,,,,0.35,,,,0.32,,,,0.36,,,,0.43,,,,0.54,,,,0.91,,,,1.23,,,,0.9,,,,0.84,,,,0.84,,,,0.43,,,,0.34,11.87
342464719,67190110861,2024.09.18,,,,0.17,,,,0.13,,,,0.13,,,,0.09,,,,0.12,,,,0.29,,,,0.61,,,,0.88,,,,0.61,,,,0.5,,,,0.45,,,,0.41,,,,0.34,,,,0.35,,,,0.43,,,,0.39,,,,0.61,,,,0.88,,,,1.19,,,,1.12,,,,0.87,,,,0.85,,,,0.54,,,,0.29,12.25
342464719,67190110861,2024.09.19,,,,0.16,,,,0.13,,,,0.1,,,,0.1,,,,0.15,,,,0.26,,,,0.71,,,,0.92,,,,0.74,,,,0.42,,,,0.43,,,,0.38,,,,0.41,,,,0.37,,,,0.37,,,,0.45,,,,0.54,,,,0.85,,,,1.08,,,,1.03,,,,0.97,,,,0.87,,,,0.47,,,,0.31,12.22
342464719,67190110861,2024.09.20,,,,0.16,,,,0.12,,,,0.1,,,,0.11,,,,0.14,,,,0.28,,,,0.7,,,,0.7,,,,0.75,,,,0.45,,,,0.43,,,,0.36,,,,0.32,,,,0.33,,,,0.43,,,,0.4,,,,0.54,,,,0.69,,,,0.97,,,,1.08,,,,0.91,,,,0.8,,,,0.44,,,,0.32,11.53
342464719,67190110861,2024.09.21,,,,0.14,,,,0.12,,,,0.11,,,,0.1,,,,0.12,,,,0.28,,,,0.65,,,,0.87,,,,0.7,,,,0.43,,,,0.41,,,,0.44,,,,0.38,,,,0.4,,,,0.31,,,,0.42,,,,0.46,,,,0.86,,,,1.26,,,,1.19,,,,0.97,,,,0.73,,,,0.56,,,,0.32,12.23
342464719,67190110861,2024.09.22,,,,0.13,,,,0.15,,,,0.11,,,,0.11,,,,0.13,,,,0.3,,,,0.63,,,,0.75,,,,0.81,,,,0.54,,,,0.44,,,,0.39,,,,0.47,,,,0.42,,,,0.38,,,,0.39,,,,0.61,,,,0.98,,,,1.28,,,,1.15,,,,1.03,,,,0.79,,,,0.46,,,,0.29,12.74
342464719,67190110861,2024.09.23,,,,0.17,,,,0.14,,,,0.12,,,,0.1,,,,0.13,,,,0.31,,,,0.57,,,,0.86,,,,0.86,,,,0.54,,,,0.49,,,,0.41,,,,0.42,,,,0.36,,,,0.4,,,,0.48,,,,0.63,,,,1.04,,,,1.03,,,,1.21,,,,0.84,,,,0.9,,,,0.5,,,,0.27,12.78
342464719,67190110861,2024.09.24,,,,0.15,,,,0.15,,,,0.1,,,,0.1,,,,0.14,,,,0.27,,,,0.59,,,,0.78,,,,0.75,,,,0.52,,,,0.47,,,,0.38,,,,0.45,,,,0.36,,,,0.34,,,,0.39,,,,0.58,,,,0.77,,,,1.31,,,,1.13,,,,0.85,,,,0.77,,,,0.51,,,,0.34,12.2
342464719,67190110861,2024.09.25,,,,0.18,,,,0.13,,,,0.12,,,,0.1,,,,0.13,,,,0.25,,,,0.58,,,,0.79,,,,0.71,,,,0.41,,,,0.46,,,,0.36,,,,0.4,,,,0.37,,,,0.45,,,,0.44,,,,0.5,,,,0.83,,,,1.22,,,,1.13,,,,0.91,,,,0.75,,,,0.58,,,,0.28,12.08
342464719,67190110861,2024.09.26,,,,0.16,,,,0.13,,,,0.09,,,,0.1,,,,0.12,,,,0.3,,,,0.75,,,,0.71,,,,0.87,,,,0.41,,,,0.42,,,,0.36,,,,0.43,,,,0.4,,,,0.39,,,,0.49,,,,0.56,,,,0.98,,,,1.21,,,,1.15,,,,0.9,,,,0.71,,,,0.53,,,,0.27,12.44
342464719,67190110861,2024.09.27,,,,0.17,,,,0.13,,,,0.11,,,,0.09,,,,0.12,,,,0.29,,,,0.79,,,,0.77,,,,0.74,,,,0.48,,,,0.42,,,,0.37,,,,0.36,,,,0.34,,,,0.46,,,,0.38,,,,0.55,,,,0.71,,,,1.0,,,,1.14,,,,0.9,,,,0.66,,,,0.5,,,,0.24,11.72
342464719,67190110861,2024.09.28,,,,0.13,,,,0.14,,,,0.12,,,,0.11,,,,0.14,,,,0.28,,,,0.52,,,,0.88,,,,0.82,,,,0.53,,,,0.43,,,,0.36,,,,0.43,,,,0.37,,,,0.48,,,,0.4,,,,0.5,,,,0.75,,,,1.17,,,,0.85,,,,0.86,,,,0.93,,,,0.41,,,,0.31,11.92
342464719,67190110861,2024.09.29,,,,0.17,,,,0.14,,,,0.12,,,,0.13,,,,0.15,,,,0.26,,,,0.6,,,,0.76,,,,0.83,,,,0.57,,,,0.45,,,,0.41,,,,0.37,,,,0.41,,,,0.48,,,,0.4,,,,0.57,,,,0.77,,,,1.17,,,,1.12,,,,0.89,,,,0.79,,,,0.49,,,,0.3,12.35
342464719,67190110861,2024.09.30,,,,0.17,,,,0.13,,,,0.13,,,,0.11,,,,0.13,,,,0.25,,,,0.72,,,,0.95,,,,0.75,,,,0.47,,,,0.39,,,,0.42,,,,0.36,,,,0.37,,,,0.43,,,,0.46,,,,0.56,,,,0.89,,,,1.19,,,,0.93,,,,0.85,,,,0.97,,,,0.45,,,,0.32,12.4
342464719,67190110861,2024.10.01,,,,0.17,,,,0.12,,,,0.11,,,,0.1,,,,0.15,,,,0.3,,,,0.68,,,,0.68,,,,0.76,,,,0.48,,,,0.4,,,,0.33,,,,0.35,,,,0.39,,,,0.37,,,,0.41,,,,0.55,,,,0.98,,,,1.18,,,,0.98,,,,0.83,,,,0.71,,,,0.56,,,,0.32,11.91
342464719,67190110861,2024.10.02,,,,0.16,,,,0.14,,,,0.11,,,,0.11,,,,0.13,,,,0.24,,,,0.56,,,,0.8,,,,0.82,,,,0.45,,,,0.46,,,,0.42,,,,0.36,,,,0.34,,,,0.33,,,,0.44,,,,0.52,,,,0.83,,,,1.16,,,,1.09,,,,0.85,,,,0.75,,,,0.49,,,,0.3,11.86
342464719,67190110861,2024.10.03,,,,0.17,,,,0.12,,,,0.12,,,,0.11,,,,0.13,,,,0.3,,,,0.61,,,,0.66,,,,0.77,,,,0.49,,,,0.44,,,,0.39,,,,0.42,,,,0.38,,,,0.34,,,,0.4,,,,0.6,,,,0.95,,,,1.13,,,,1.09,,,,0.92,,,,0.77,,,,0.55,,,,0.33,12.19
342464719,67190110861,2024.10.04,,,,0.17,,,,0.15,,,,0.1,,,,0.1,,,,0.12,,,,0.25,,,,0.62,,,,0.76,,,,0.65,,,,0.42,,,,0.37,,,,0.36,,,,0.38,,,,0.36,,,,0.38,,,,0.47,,,,0.62,,,,0.93,,,,1.12,,,,1.13,,,,0.83,,,,0.71,,,,0.47,,,,0.33,11.8
342464719,67190110861,2024.10.05,,,,0.15,,,,0.11,,,,0.1,,,,0.11,,,,0.13,,,,0.25,,,,0.68,,,,0.82,,,,0.78,,,,0.47,,,,0.47,,,,0.37,,,,0.39,,,,0.31,,,,0.38,,,,0.39,,,,0.57,,,,0.74,,,,1.23,,,,0.94,,,,0.96,,,,0.84,,,,0.5,,,,0.33,12.02
342464719,67190110861,2024.10.06,,,,0.17,,,,0.13,,,,0.12,,,,0.1,,,,0.15,,,,0.32,,,,0.65,,,,0.77,,,,0.73,,,,0.56,,,,0.48,,,,0.39,,,,0.42,,,,0.42,,,,0.37,,,,0.38,,,,0.63,,,,1.0,,,,1.21,,,,1.05,,,,0.91,,,,0.79,,,,0.47,,,,0.26,12.48
342464719,67190110861,2024.10.07,,,,0.18,,,,0.12,,,,0.13,,,,0.1,,,,0.14,,,,0.25,,,,0.67,,,,0.73,,,,0.89,,,,0.54,,,,0.4,,,,0.38,,,,0.44,,,,0.36,,,,0.38,,,,0.47,,,,0.68,,,,0.7,,,,1.11,,,,1.26,,,,0.84,,,,0.72,,,,0.52,,,,0.33,12.34
342464719,67190110861,2024.10.08,,,,0.16,,,,0.16,,,,0.12,,,,0.09,,,,0.15,,,,0.27,,,,0.57,,,,0.78,,,,0.72,,,,0.39,,,,0.35,,,,0.38,,,,0.41,,,,0.37,,,,0.46,,,,0.4,,,,0.5,,,,0.77,,,,0.96,,,,0.98,,,,0.99,,,,0.84,,,,0.56,,,,0.26,11.64
342464719,67190110861,2024.10.09,,,,0.19,,,,0.12,,,,0.1,,,,0.11,,,,0.14,,,,0.25,,,,0.6,,,,0.75,,,,0.79,,,,0.47,,,,0.48,,,,0.34,,,,0.35,,,,0.36,,,,0.38,,,,0.41,,,,0.6,,,,0.92,,,,1.28,,,,1.18,,,,1.03,,,,0.78,,,,0.57,,,,0.28,12.48
342464719,67190110861,2024.10.10,,,,0.14,,,,0.12,,,,0.11,,,,0.11,,,,0.15,,,,0.26,,,,0.53,,,,0.79,,,,0.68,,,,0.4,,,,0.38,,,,0.39,,,,0.37,,,,0.4,,,,0.42,,,,0.41,,,,0.51,,,,0.84,,,,1.18,,,,0.89,,,,0.76,,,,0.8,,,,0.51,,,,0.26,11.41
342464719,67190110861,2024.10.11,,,,0.16,,,,0.15,,,,0.12,,,,0.12,,,,0.13,,,,0.29,,,,0.72,,,,0.87,,,,0.65,,,,0.53,,,,0.37,,,,0.36,,,,0.38,,,,0.36,,,,0.43,,,,0.37,,,,0.56,,,,0.96,,,,1.33,,,,0.9,,,,0.93,,,,0.75,,,,0.45,,,,0.34,12.23
342464719,67190110861,2024.10.12,,,,0.17,,,,0.12,,,,0.1,,,,0.1,,,,0.14,,,,0.24,,,,0.63,,,,0.81,,,,0.8,,,,0.42,,,,0.36,,,,0.45,,,,0.43,,,,0.42,,,,0.34,,,,0.4,,,,0.58,,,,0.8,,,,1.31,,,,1.06,,,,0.84,,,,0.86,,,,0.58,,,,0.24,12.2
342464719,67190110861,2024.10.13,,,,0.17,,,,0.13,,,,0.11,,,,0.1,,,,0.14,,,,0.35,,,,0.68,,,,0.75,,,,0.83,,,,0.46,,,,0.47,,,,0.4,,,,0.37,,,,0.35,,,,0.44,,,,0.43,,,,0.63,,,,0.78,,,,1.09,,,,1.08,,,,1.1,,,,0.94,,,,0.48,,,,0.3,12.58
342464719,67190110861,2024.10.14,,,,0.15,,,,0.14,,,,0.11,,,,0.12,,,,0.15,,,,0.26,,,,0.68,,,,0.91,,,,0.82,,,,0.43,,,,0.42,,,,0.4,,,,0.37,,,,0.34,,,,0.37,,,,0.46,,,,0.53,,,,0.8,,,,1.08,,,,1.22,,,,1.13,,,,0.82,,,,0.51,,,,0.36,12.58
342464719,67190110861,2024.10.15,,,,0.14,,,,0.12,,,,0.1,,,,0.09,,,,0.12,,,,0.3,,,,0.64,,,,0.78,,,,0.91,,,,0.42,,,,0.39,,,,0.4,,,,0.41,,,,0.32,,,,0.37,,,,0.47,,,,0.56,,,,0.91,,,,1.07,,,,0.86,,,,0.96,,,,0.68,,,,0.53,,,,0.3,11.85
342464719,67190110861,2024.10.16,,,,0.15,,,,0.14,,,,0.11,,,,0.1,,,,0.14,,,,0.31,,,,0.7,,,,0.69,,,,0.76,,,,0.52,,,,0.38,,,,0.37,,,,0.44,,,,0.32,,,,0.43,,,,0.41,,,,0.52,,,,0.74,,,,1.26,,,,0.99,,,,0.95,,,,0.85,,,,0.53,,,,0.34,12.15
342464719,67190110861,2024.10.17,,,,0.16,,,,0.14,,,,0.13,,,,0.11,,,,0.12,,,,0.25,,,,0.72,,,,0.77,,,,0.76,,,,0.47,,,,0.37,,,,0.41,,,,0.34,,,,0.37,,,,0.42,,,,0.41,,,,0.6,,,,0.92,,,,1.21,,,,0.93,,,,0.84,,,,0.76,,,,0.55,,,,0.31,12.07
342464719,67190110861,2024.10.18,,,,0.17,,,,0.12,,,,0.11,,,,0.1,,,,0.12,,,,0.24,,,,0.75,,,,0.69,,,,0.66,,,,0.39,,,,0.45,,,,0.4,,,,0.4,,,,0.42,,,,0.38,,,,0.43,,,,0.47,,,,0.75,,,,1.19,,,,1.1,,,,0.96,,,,0.7,,,,0.48,,,,0.26,11.74
342464719,67190110861,2024.10.19,,,,0.15,,,,0.12,,,,0.1,,,,0.11,,,,0.12,,,,0.25,,,,0.61,,,,0.91,,,,0.69,,,,0.42,,,,0.41,,,,0.44,,,,0.39,,,,0.42,,,,0.46,,,,0.45,,,,0.56,,,,0.86,,,,0.94,,,,1.21,,,,0.93,,,,0.64,,,,0.5,,,,0.29,11.98
342464719,67190110861,2024.10.20,,,,0.17,,,,0.14,,,,0.11,,,,0.12,,,,0.13,,,,0.29,,,,0.7,,,,0.86,,,,0.85,,,,0.48,,,,0.47,,,,0.37,,,,0.46,,,,0.37,,,,0.45,,,,0.38,,,,0.55,,,,0.87,,,,1.31,,,,1.11,,,,1.12,,,,0.77,,,,0.53,,,,0.27,12.88
342464719,67190110861,2024.10.21,,,,0.18,,,,0.13,,,,0.13,,,,0.12,,,,0.15,,,,0.29,,,,0.68,,,,0.89,,,,0.7,,,,0.49,,,,0.38,,,,0.43,,,,0.36,,,,0.36,,,,0.41,,,,0.44,,,,0.59,,,,0.79,,,,1.22,,,,1.01,,,,1.05,,,,0.86,,,,0.54,,,,0.31,12.51
342464719,67190110861,2024.10.22,,,,0.15,,,,0.14,,,,0.11,,,,0.1,,,,0.13,,,,0.25,,,,0.67,,,,0.88,,,,0.69,,,,0.43,,,,0.35,,,,0.45,,,,0.38,,,,0.31,,,,0.36,,,,0.44,,,,0.64,,,,0.69,,,,1.04,,,,1.12,,,,0.81,,,,0.69,,,,0.54,,,,0.31,11.68
342464719,67190110861,2024.10.23,,,,0.15,,,,0.11,,,,0.1,,,,0.09,,,,0.14,,,,0.28,,,,0.7,,,,0.9,,,,0.74,,,,0.46,,,,0.41,,,,0.42,,,,0.43,,,,0.32,,,,0.39,,,,0.46,,,,0.66,,,,0.75,,,,1.1,,,,1.12,,,,0.9,,,,0.77,,,,0.42,,,,0.27,12.09
342464719,67190110861,2024.10.24,,,,0.15,,,,0.16,,,,0.1,,,,0.1,,,,0.15,,,,0.26,,,,0.64,,,,0.84,,,,0.82,,,,0.49,,,,0.44,,,,0.36,,,,0.42,,,,0.33,,,,0.42,,,,0.4,,,,0.59,,,,0.96,,,,1.22,,,,0.94,,,,0.92,,,,0.83,,,,0.56,,,,0.26,12.36
342464719,67190110861,2024.10.25,,,,0.18,,,,0.15,,,,0.1,,,,0.11,,,,0.13,,,,0.26,,,,0.59,,,,0.76,,,,0.75,,,,0.49,,,,0.44,,,,0.41,,,,0.39,,,,0.31,,,,0.4,,,,0.42,,,,0.52,,,,0.8,,,,1.1,,,,1.1,,,,0.94,,,,0.79,,,,0.43,,,,0.29,11.86
342464719,67190110861,2024.10.26,,,,0.18,,,,0.14,,,,0.1,,,,0.1,,,,0.12,,,,0.27,,,,0.7,,,,0.9,,,,0.69,,,,0.53,,,,0.44,,,,0.38,,,,0.38,,,,0.37,,,,0.41,,,,0.42,,,,0.55,,,,0.77,,,,1.25,,,,1.03,,,,0.79,,,,0.84,,,,0.56,,,,0.35,12.27
342464719,67190110861,2024.10.27,,,,0.16,,,,0.11,,,,0.12,,,,0.09,,,,0.15,,,,0.26,,,,0.6,,,,0.78,,,,0.71,,,,0.53,,,,0.43,,,,0.37,,,,0.37,,,,0.38,,,,0.38,,,,0.47,,,,0.55,,,,1.01,,,,1.43,,,,1.22,,,,1.11,,,,0.75,,,,0.46,,,,0.29,12.73
342464719,67190110861,2024.10.28,,,,0.19,,,,0.16,,,,0.13,,,,0.09,,,,0.15,,,,0.27,,,,0.6,,,,0.8,,,,0.69,,,,0.49,,,,0.42,,,,0.41,,,,0.39,,,,0.43,,,,0.42,,,,0.46,,,,0.61,,,,0.94,,,,1.03,,,,1.15,,,,0.96,,,,0.67,,,,0.56,,,,0.34,12.36
342464719,67190110861,2024.10.29,,,,0.14,,,,0.13,,,,0.11,,,,0.11,,,,0.12,,,,0.31,,,,0.61,,,,0.79,,,,0.63,,,,0.43,,,,0.44,,,,0.38,,,,0.35,,,,0.34,,,,0.41,,,,0.37,,,,0.62,,,,0.73,,,,1.04,,,,1.0,,,,0.93,,,,0.76,,,,0.46,,,,0.36,11.57
342464719,67190110861,2024.10.30,,,,0.17,,,,0.12,,,,0.11,,,,0.11,,,,0.12,,,,0.24,,,,0.72,,,,0.85,,,,0.76,,,,0.4,,,,0.38,,,,0.39,,,,0.36,,,,0.36,,,,0.4,,,,0.38,,,,0.67,,,,0.93,,,,1.16,,,,0.92,,,,0.87,,,,0.75,,,,0.44,,,,0.33,11.94
342464719,67190110861,2024.10.31,,,,0.14,,,,0.13,,,,0.11,,,,0.11,,,,0.11,,,,0.28,,,,0.59,,,,0.9,,,,0.67,,,,0.54,,,,0.46,,,,0.38,,,,0.4,,,,0.33,,,,0.45,,,,0.41,,,,0.53,,,,0.84,,,,0.97,,,,1.22,,,,0.84,,,,0.79,,,,0.49,,,,0.34,12.03
342464719,67190110861,2024.11.01,,,,0.15,,,,0.13,,,,0.11,,,,0.11,,,,0.11,,,,0.24,,,,0.58,,,,0.85,,,,0.66,,,,0.47,,,,0.38,,,,0.43,,,,0.45,,,,0.36,,,,0.37,,,,0.39,,,,0.48,,,,0.81,,,,1.17,,,,1.01,,,,1.06,,,,0.79,,,,0.52,,,,0.29,11.92
342464719,67190110861,2024.11.02,,,,0.17,,,,0.13,,,,0.11,,,,0.1,,,,0.13,,,,0.33,,,,0.6,,,,0.69,,,,0.77,,,,0.47,,,,0.38,,,,0.42,,,,0.42,,,,0.43,,,,0.37,,,,0.48,,,,0.59,,,,0.82,,,,1.12,,,,1.13,,,,0.91,,,,0.75,,,,0.49,,,,0.29,12.1
342464719,67190110861,2024.11.03,,,,0.15,,,,0.15,,,,0.12,,,,0.11,,,,0.12,,,,0.29,,,,0.62,,,,0.72,,,,0.78,,,,0.49,,,,0.45,,,,0.35,,,,0.41,,,,0.34,,,,0.47,,,,0.46,,,,0.65,,,,0.88,,,,1.11,,,,1.33,,,,0.91,,,,0.8,,,,0.55,,,,0.26,12.52
342464719,67190110861,2024.11.04,,,,0.18,,,,0.14,,,,0.1,,,,0.09,,,,0.12,,,,0.32,,,,0.7,,,,0.77,,,,0.72,,,,0.52,,,,0.46,,,,0.4,,,,0.38,,,,0.33,,,,0.44,,,,0.51,,,,0.56,,,,0.91,,,,1.14,,,,1.06,,,,0.98,,,,0.92,,,,0.55,,,,0.32,12.62
342464719,67190110861,2024.11.05,,,,0.15,,,,0.11,,,,0.1,,,,0.11,,,,0.11,,,,0.3,,,,0.63,,,,0.77,,,,0.73,,,,0.44,,,,0.37,,,,0.37,,,,0.4,,,,0.38,,,,0.37,,,,0.41,,,,0.5,,,,0.81,,,,0.98,,,,1.19,,,,0.91,,,,0.69,,,,0.5,,,,0.27,11.6
342464719,67190110861,2024.11.06,,,,0.17,,,,0.12,,,,0.1,,,,0.11,,,,0.12,,,,0.29,,,,0.65,,,,0.75,,,,0.76,,,,0.43,,,,0.42,,,,0.38,,,,0.33,,,,0.38,,,,0.43,,,,0.47,,,,0.55,,,,0.8,,,,0.97,,,,0.98,,,,0.93,,,,0.76,,,,0.55,,,,0.29,11.74
342464719,67190110861,2024.11.07,,,,0.15,,,,0.12,,,,0.12,,,,0.11,,,,0.13,,,,0.27,,,,0.67,,,,0.7,,,,0.85,,,,0.5,,,,0.42,,,,0.38,,,,0.4,,,,0.3,,,,0.46,,,,0.41,,,,0.5,,,,0.76,,,,1.11,,,,0.98,,,,0.89,,,,0.8,,,,0.45,,,,0.34,11.82
342464719,67190110861,2024.11.08,,,,0.16,,,,0.13,,,,0.1,,,,0.1,,,,0.13,,,,0.27,,,,0.71,,,,0.7,,,,0.64,,,,0.53,,,,0.38,,,,0.39,,,,0.39,,,,0.38,,,,0.34,,,,0.39,,,,0.59,,,,0.96,,,,1.13,,,,0.99,,,,0.97,,,,0.85,,,,0.56,,,,0.33,12.12
342464719,67190110861,2024.11.09,,,,0.14,,,,0.12,,,,0.11,,,,0.11,,,,0.13,,,,0.26,,,,0.68,,,,0.68,,,,0.7,,,,0.46,,,,0.41,,,,0.43,,,,0.36,,,,0.38,,,,0.4,,,,0.43,,,,0.58,,,,0.82,,,,0.96,,,,0.91,,,,0.87,,,,0.76,,,,0.55,,,,0.31,11.56
342464719,67190110861,2024.11.10,,,,0.19,,,,0.14,,,,0.11,,,,0.1,,,,0.12,,,,0.25,,,,0.7,,,,0.97,,,,0.7,,,,0.42,,,,0.48,,,,0.4,,,,0.43,,,,0.42,,,,0.48,,,,0.44,,,,0.61,,,,0.88,,,,1.13,,,,1.07,,,,0.86,,,,0.79,,,,0.54,,,,0.33,12.56
342464719,67190110861,2024.11.11,,,,0.18,,,,0.15,,,,0.09,,,,0.11,,,,0.14,,,,0.31,,,,0.73,,,,0.72,,,,0.86,,,,0.43,,,,0.4,,,,0.4,,,,0.35,,,,0.42,,,,0.34,,,,0.41,,,,0.57,,,,0.95,,,,1.32,,,,1.12,,,,1.04,,,,0.8,,,,0.44,,,,0.27,12.55
342464719,67190110861,2024.11.12,,,,0.16,,,,0.14,,,,0.11,,,,0.11,,,,0.13,,,,0.24,,,,0.61,,,,0.84,,,,0.83,,,,0.54,,,,0.36,,,,0.47,,,,0.36,,,,0.31,,,,0.45,,,,0.39,,,,0.58,,,,0.78,,,,1.15,,,,1.11,,,,0.93,,,,0.81,,,,0.45,,,,0.31,12.17
342464719,67190110861,2024.11.13,,,,0.15,,,,0.12,,,,0.1,,,,0.09,,,,0.15,,,,0.28,,,,0.6,,,,0.77,,,,0.67,,,,0.49,,,,0.48,,,,0.38,,,,0.42,,,,0.38,,,,0.36,,,,0.43,,,,0.56,,,,0.9,,,,1.28,,,,1.0,,,,0.99,,,,0.81,,,,0.51,,,,0.31,12.23
342464719,67190110861,2024.11.14,,,,0.15,,,,0.15,,,,0.12,,,,0.09,,,,0.11,,,,0.28,,,,0.56,,,,0.68,,,,0.73,,,,0.46,,,,0.42,,,,0.36,,,,0.36,,,,0.39,,,,0.38,,,,0.37,,,,0.53,,,,0.9,,,,1.04,,,,0.92,,,,0.84,,,,0.86,,,,0.55,,,,0.3,11.55
342464719,67190110861,2024.11.15,,,,0.17,,,,0.14,,,,0.11,,,,0.1,,,,0.1,,,,0.28,,,,0.71,,,,0.81,,,,0.72,,,,0.44,,,,0.41,,,,0.41,,,,0.41,,,,0.33,,,,0.42,,,,0.43,,,,0.61,,,,0.87,,,,1.11,,,,1.09,,,,1.05,,,,0.86,,,,0.41,,,,0.24,12.23
342464719,67190110861,2024.11.16,,,,0.18,,,,0.13,,,,0.11,,,,0.1,,,,0.11,,,,0.3,,,,0.71,,,,0.75,,,,0.7,,,,0.49,,,,0.36,,,,0.41,,,,0.35,,,,0.35,,,,0.44,,,,0.43,,,,0.52,,,,0.89,,,,1.04,,,,1.01,,,,1.06,,,,0.81,,,,0.51,,,,0.27,12.03
342464719,67190110861,2024.11.17,,,,0.14,,,,0.12,,,,0.12,,,,0.12,,,,0.14,,,,0.31,,,,0.58,,,,0.77,,,,0.75,,,,0.48,,,,0.37,,,,0.47,,,,0.38,,,,0.43,,,,0.39,,,,0.52,,,,0.58,,,,1.0,,,,0.96,,,,1.21,,,,1.17,,,,0.72,,,,0.46,,,,0.31,12.5
342464719,67190110861,2024.11.18,,,,0.19,,,,0.14,,,,0.11,,,,0.1,,,,0.11,,,,0.34,,,,0.58,,,,0.86,,,,0.88,,,,0.44,,,,0.45,,,,0.35,,,,0.39,,,,0.34,,,,0.47,,,,0.4,,,,0.6,,,,0.92,,,,1.07,,,,1.19,,,,0.91,,,,0.85,,,,0.47,,,,0.32,12.48
342464719,67190110861,2024.11.19,,,,0.15,,,,0.13,,,,0.1,,,,0.11,,,,0.12,,,,0.3,,,,0.68,,,,0.72,,,,0.77,,,,0.41,,,,0.41,,,,0.4,,,,0.39,,,,0.39,,,,0.36,,,,0.39,,,,0.49,,,,0.92,,,,1.14,,,,1.06,,,,0.88,,,,0.73,,,,0.47,,,,0.25,11.77
342464719,67190110861,2024.11.20,,,,0.15,,,,0.14,,,,0.13,,,,0.1,,,,0.13,,,,0.25,,,,0.71,,,,0.68,,,,0.87,,,,0.5,,,,0.41,,,,0.45,,,,0.34,,,,0.38,,,,0.41,,,,0.4,,,,0.56,,,,0.89,,,,1.17,,,,0.87,,,,1.05,,,,0.68,,,,0.47,,,,0.27,12.01
342464719,67190110861,2024.11.21,,,,0.13,,,,0.11,,,,0.13,,,,0.1,,,,0.1,,,,0.24,,,,0.68,,,,0.9,,,,0.69,,,,0.41,,,,0.38,,,,0.32,,,,0.33,,,,0.37,,,,0.36,,,,0.41,,,,0.51,,,,0.97,,,,1.28,,,,1.06,,,,0.89,,,,0.76,,,,0.49,,,,0.32,11.94
342464719,67190110861,2024.11.22,,,,0.17,,,,0.15,,,,0.13,,,,0.1,,,,0.13,,,,0.23,,,,0.59,,,,0.79,,,,0.67,,,,0.52,,,,0.36,,,,0.36,,,,0.37,,,,0.39,,,,0.37,,,,0.46,,,,0.52,,,,0.8,,,,0.98,,,,1.0,,,,1.01,,,,0.78,,,,0.57,,,,0.3,11.75
342464719,67190110861,2024.11.23,,,,0.14,,,,0.11,,,,0.1,,,,0.1,,,,0.14,,,,0.26,,,,0.63,,,,0.76,,,,0.74,,,,0.44,,,,0.36,,,,0.35,,,,0.35,,,,0.32,,,,0.33,,,,0.44,,,,0.52,,,,1.0,,,,1.02,,,,1.0,,,,0.92,,,,0.64,,,,0.56,,,,0.25,11.48
342464719,67190110861,2024.11.24,,,,0.19,,,,0.15,,,,0.12,,,,0.1,,,,0.13,,,,0.29,,,,0.72,,,,0.71,,,,0.67,,,,0.48,,,,0.46,,,,0.46,,,,0.34,,,,0.43,,,,0.39,,,,0.42,,,,0.54,,,,0.87,,,,1.02,,,,1.1,,,,1.11,,,,0.76,,,,0.51,,,,0.33,12.3
342464719,67190110861,2024.11.25,,,,0.18,,,,0.14,,,,0.11,,,,0.12,,,,0.14,,,,0.27,,,,0.62,,,,0.88,,,,0.67,,,,0.58,,,,0.4,,,,0.46,,,,0.39,,,,0.39,,,,0.47,,,,0.45,,,,0.6,,,,0.8,,,,0.99,,,,1.02,,,,1.04,,,,0.73,,,,0.46,,,,0.28,12.19
342464719,67190110861,2024.11.26,,,,0.17,,,,0.15,,,,0.1,,,,0.09,,,,0.15,,,,0.27,,,,0.71,,,,0.9,,,,0.8,,,,0.44,,,,0.45,,,,0.42,,,,0.39,,,,0.32,,,,0.38,,,,0.38,,,,0.62,,,,0.88,,,,0.99,,,,1.05,,,,0.86,,,,0.8,,,,0.55,,,,0.26,12.13
342464719,67190110861,2024.11.27,,,,0.15,,,,0.12,,,,0.11,,,,0.1,,,,0.15,,,,0.27,,,,0.76,,,,0.72,,,,0.8,,,,0.42,,,,0.48,,,,0.42,,,,0.37,,,,0.39,,,,0.38,,,,0.38,,,,0.63,,,,0.77,,,,1.0,,,,0.99,,,,0.98,,,,0.66,,,,0.47,,,,0.25,11.77
342464719,67190110861,2024.11.28,,,,0.15,,,,0.14,,,,0.13,,,,0.11,,,,0.12,,,,0.32,,,,0.66,,,,0.7,,,,0.76,,,,0.51,,,,0.45,,,,0.41,,,,0.35,,,,0.32,,,,0.41,,,,0.37,,,,0.6,,,,0.92,,,,1.21,,,,1.05,,,,1.03,,,,0.87,,,,0.53,,,,0.26,12.38
342464719,67190110861,2024.11.29,,,,0.15,,,,0.12,,,,0.11,,,,0.09,,,,0.12,,,,0.27,,,,0.72,,,,0.69,,,,0.81,,,,0.52,,,,0.37,,,,0.44,,,,0.4,,,,0.35,,,,0.41,,,,0.39,,,,0.6,,,,0.74,,,,1.24,,,,0.99,,,,0.97,,,,0.69,,,,0.55,,,,0.31,12.05
342464719,67190110861,2024.11.30,,,,0.22,,,,0.19,,,,0.15,,,,0.16,,,,0.17,,,,0.4,,,,0.92,,,,1.08,,,,0.91,,,,0.63,,,,0.62,,,,0.47,,,,0.52,,,,0.52,,,,0.51,,,,0.58,,,,0.68,,,,1.03,,,,1.64,,,,1.18,,,,1.24,,,,1.08,,,,0.62,,,,0.45,15.97
342464719,67190110861,2024.12.01,,,,0.25,,,,0.16,,,,0.13,,,,0.15,,,,0.17,,,,0.33,,,,0.94,,,,0.96,,,,1.1,,,,0.58,,,,0.51,,,,0.49,,,,0.63,,,,0.54,,,,0.6,,,,0.57,,,,0.75,,,,1.03,,,,1.58,,,,1.48,,,,1.31,,,,0.99,,,,0.8,,,,0.37,16.42
342464719,67190110861,2024.12.02,,,,0.24,,,,0.16,,,,0.15,,,,0.14,,,,0.18,,,,0.4,,,,0.87,,,,1.09,,,,1.13,,,,0.75,,,,0.63,,,,0.51,,,,0.54,,,,0.52,,,,0.54,,,,0.55,,,,0.78,,,,1.07,,,,1.43,,,,1.32,,,,1.3,,,,1.13,,,,0.85,,,,0.43,16.71
342464719,67190110861,2024.12.03,,,,0.18,,,,0.2,,,,0.15,,,,0.13,,,,0.18,,,,0.43,,,,0.86,,,,1.14,,,,0.88,,,,0.58,,,,0.55,,,,0.55,,,,0.57,,,,0.56,,,,0.48,,,,0.48,,,,0.85,,,,1.19,,,,1.36,,,,1.39,,,,1.31,,,,1.09,,,,0.65,,,,0.36,16.12
342464719,67190110861,2024.12.04,,,,0.24,,,,0.17,,,,0.14,,,,0.12,,,,0.18,,,,0.32,,,,0.8,,,,1.08,,,,0.95,,,,0.64,,,,0.48,,,,0.52,,,,0.46,,,,0.4,,,,0.49,,,,0.6,,,,0.81,,,,1.03,,,,1.55,,,,1.42,,,,1.46,,,,1.02,,,,0.7,,,,0.32,15.9
342464719,67190110861,2024.12.05,,,,0.2,,,,0.2,,,,0.15,,,,0.13,,,,0.15,,,,0.39,,,,0.89,,,,0.98,,,,1.04,,,,0.57,,,,0.53,,,,0.59,,,,0.46,,,,0.44,,,,0.54,,,,0.62,,,,0.65,,,,1.29,,,,1.59,,,,1.25,,,,1.29,,,,0.91,,,,0.62,,,,0.45,15.93
342464719,67190110861,2024.12.06,,,,0.23,,,,0.15,,,,0.14,,,,0.13,,,,0.16,,,,0.35,,,,0.71,,,,1.07,,,,1.02,,,,0.61,,,,0.64,,,,0.58,,,,0.49,,,,0.45,,,,0.51,,,,0.49,,,,0.65,,,,1.2,,,,1.29,,,,1.21,,,,1.04,,,,0.94,,,,0.57,,,,0.43,15.06
342464719,67190110861,2024.12.07,,,,0.2,,,,0.16,,,,0.14,,,,0.15,,,,0.17,,,,0.35,,,,1.01,,,,1.01,,,,0.93,,,,0.58,,,,0.53,,,,0.5,,,,0.51,,,,0.47,,,,0.52,,,,0.46,,,,0.69,,,,1.09,,,,1.65,,,,1.28,,,,1.35,,,,0.97,,,,0.58,,,,0.35,15.65
342464719,67190110861,2024.12.08,,,,0.21,,,,0.17,,,,0.14,,,,0.17,,,,0.14,,,,0.41,,,,0.88,,,,1.09,,,,1.08,,,,0.62,,,,0.52,,,,0.58,,,,0.61,,,,0.47,,,,0.49,,,,0.68,,,,0.77,,,,1.2,,,,1.54,,,,1.23,,,,1.37,,,,1.09,,,,0.65,,,,0.41,16.52
342464719,67190110861,2024.12.09,,,,0.24,,,,0.18,,,,0.14,,,,0.13,,,,0.19,,,,0.43,,,,0.9,,,,0.98,,,,1.13,,,,0.7,,,,0.47,,,,0.54,,,,0.49,,,,0.53,,,,0.52,,,,0.59,,,,0.88,,,,1.27,,,,1.73,,,,1.65,,,,1.13,,,,1.0,,,,0.67,,,,0.48,16.97
342464719,67190110861,2024.12.10,,,,0.2,,,,0.2,,,,0.15,,,,0.16,,,,0.16,,,,0.34,,,,0.92,,,,0.86,,,,1.06,,,,0.55,,,,0.58,,,,0.49,,,,0.52,,,,0.53,,,,0.48,,,,0.48,,,,0.64,,,,1.19,,,,1.51,,,,1.47,,,,1.29,,,,1.04,,,,0.62,,,,0.33,15.77
342464719,67190110861,2024.12.11,,,,0.2,,,,0.2,,,,0.16,,,,0.13,,,,0.17,,,,0.41,,,,0.85,,,,0.93,,,,0.89,,,,0.65,,,,0.62,,,,0.58,,,,0.44,,,,0.44,,,,0.57,,,,0.64,,,,0.78,,,,1.16,,,,1.28,,,,1.51,,,,1.34,,,,0.92,,,,0.72,,,,0.36,15.95
342464719,67190110861,2024.12.12,,,,0.17,,,,0.16,,,,0.13,,,,0.13,,,,0.17,,,,0.38,,,,0.89,,,,1.01,,,,0.84,,,,0.66,,,,0.54,,,,0.5,,,,0.56,,,,0.54,,,,0.55,,,,0.57,,,,0.67,,,,1.18,,,,1.39,,,,1.38,,,,1.08,,,,1.1,,,,0.59,,,,0.42,15.61
342464719,67190110861,2024.12.13,,,,0.22,,,,0.17,,,,0.16,,,,0.14,,,,0.19,,,,0.38,,,,0.9,,,,0.98,,,,1.06,,,,0.63,,,,0.55,,,,0.54,,,,0.58,,,,0.48,,,,0.47,,,,0.56,,,,0.85,,,,1.3,,,,1.67,,,,1.17,,,,1.27,,,,1.05,,,,0.75,,,,0.32,16.39
342464719,67190110861,2024.12.14,,,,0.23,,,,0.19,,,,0.13,,,,0.13,,,,0.17,,,,0.38,,,,0.76,,,,0.98,,,,1.13,,,,0.59,,,,0.49,,,,0.49,,,,0.5,,,,0.49,,,,0.53,,,,0.61,,,,0.77,,,,1.04,,,,1.37,,,,1.37,,,,1.16,,,,1.1,,,,0.66,,,,0.39,15.66
342464719,67190110861,2024.12.15,,,,0.2,,,,0.17,,,,0.16,,,,0.14,,,,0.18,,,,0.34,,,,0.99,,,,1.19,,,,0.95,,,,0.65,,,,0.63,,,,0.5,,,,0.56,,,,0.46,,,,0.56,,,,0.55,,,,0.89,,,,1.2,,,,1.59,,,,1.52,,,,1.26,,,,1.07,,,,0.78,,,,0.44,16.98
342464719,67190110861,2024.12.16,,,,0.22,,,,0.21,,,,0.16,,,,0.14,,,,0.18,,,,0.35,,,,0.76,,,,1.05,,,,1.02,,,,0.66,,,,0.58,,,,0.63,,,,0.51,,,,0.5,,,,0.47,,,,0.5,,,,0.87,,,,1.19,,,,1.75,,,,1.36,,,,1.32,,,,1.02,,,,0.65,,,,0.35,16.45
342464719,67190110861,2024.12.17,,,,0.2,,,,0.17,,,,0.13,,,,0.15,,,,0.15,,,,0.33,,,,0.77,,,,1.08,,,,0.85,,,,0.69,,,,0.63,,,,0.46,,,,0.5,,,,0.42,,,,0.54,,,,0.57,,,,0.71,,,,1.05,,,,1.63,,,,1.34,,,,1.16,,,,1.11,,,,0.66,,,,0.44,15.74
342464719,67190110861,2024.12.18,,,,0.19,,,,0.19,,,,0.15,,,,0.12,,,,0.18,,,,0.37,,,,0.95,,,,0.94,,,,1.05,,,,0.62,,,,0.62,,,,0.49,,,,0.62,,,,0.53,,,,0.48,,,,0.61,,,,0.82,,,,1.06,,,,1.44,,,,1.48,,,,1.19,,,,0.88,,,,0.58,,,,0.38,15.94
342464719,67190110861,2024.12.19,,,,0.21,,,,0.16,,,,0.16,,,,0.14,,,,0.16,,,,0.39,,,,0.89,,,,1.19,,,,0.85,,,,0.58,,,,0.6,,,,0.6,,,,0.52,,,,0.52,,,,0.47,,,,0.53,,,,0.66,,,,0.98,,,,1.64,,,,1.23,,,,1.27,,,,1.16,,,,0.6,,,,0.44,15.95
342464719,67190110861,2024.12.20,,,,0.24,,,,0.18,,,,0.13,,,,0.13,,,,0.17,,,,0.34,,,,0.8,,,,1.24,,,,0.9,,,,0.68,,,,0.48,,,,0.53,,,,0.59,,,,0.45,,,,0.46,,,,0.59,,,,0.78,,,,1.24,,,,1.37,,,,1.26,,,,1.33,,,,1.11,,,,0.67,,,,0.41,16.08
342464719,67190110861,2024.12.21,,,,0.2,,,,0.17,,,,0.13,,,,0.13,,,,0.17,,,,0.32,,,,0.87,,,,1.1,,,,1.01,,,,0.65,,,,0.64,,,,0.44,,,,0.53,,,,0.53,,,,0.52,,,,0.54,,,,0.67,,,,1.3,,,,1.39,,,,1.49,,,,1.3,,,,1.05,,,,0.74,,,,0.42,16.31
342464719,67190110861,2024.12.22,,,,0.21,,,,0.18,,,,0.17,,,,0.15,,,,0.17,,,,0.32,,,,1.05,,,,0.99,,,,1.07,,,,0.68,,,,0.57,,,,0.55,,,,0.45,,,,0.53,,,,0.55,,,,0.62,,,,0.7,,,,1.36,,,,1.6,,,,1.54,,,,1.34,,,,1.11,,,,0.77,,,,0.48,17.16
342464719,67190110861,2024.12.23,,,,0.22,,,,0.16,,,,0.15,,,,0.14,,,,0.17,,,,0.38,,,,0.98,,,,0.99,,,,1.1,,,,0.59,,,,0.55,,,,0.48,,,,0.52,,,,0.55,,,,0.61,,,,0.53,,,,0.76,,,,1.24,,,,1.71,,,,1.51,,,,1.27,,,,1.16,,,,0.74,,,,0.34,16.85
342464719,67190110861,2024.12.24,,,,0.21,,,,0.21,,,,0.16,,,,0.14,,,,0.17,,,,0.34,,,,0.82,,,,1.12,,,,1.03,,,,0.66,,,,0.62,,,,0.46,,,,0.47,,,,0.48,,,,0.55,,,,0.52,,,,0.78,,,,1.29,,,,1.43,,,,1.5,,,,1.48,,,,0.92,,,,0.6,,,,0.44,16.4
342464719,67190110861,2024.12.25,,,,0.23,,,,0.14,,,,0.13,,,,0.12,,,,0.2,,,,0.33,,,,0.86,,,,1.25,,,,0.85,,,,0.69,,,,0.5,,,,0.57,,,,0.46,,,,0.51,,,,0.53,,,,0.52,,,,0.63,,,,1.12,,,,1.36,,,,1.52,,,,1.37,,,,0.99,,,,0.67,,,,0.39,15.94
342464719,67190110861,2024.12.26,,,,0.23,,,,0.17,,,,0.14,,,,0.13,,,,0.17,,,,0.36,,,,0.85,,,,0.92,,,,1.09,,,,0.6,,,,0.53,,,,0.51,,,,0.45,,,,0.49,,,,0.5,,,,0.51,,,,0.77,,,,1.09,,,,1.31,,,,1.51,,,,1.34,,,,1.02,,,,0.58,,,,0.4,15.67
342464719,67190110861,2024.12.27,,,,0.22,,,,0.18,,,,0.16,,,,0.12,,,,0.16,,,,0.41,,,,0.99,,,,0.97,,,,0.99,,,,0.54,,,,0.48,,,,0.49,,,,0.46,,,,0.5,,,,0.55,,,,0.52,,,,0.64,,,,1.28,,,,1.35,,,,1.43,,,,1.11,,,,1.01,,,,0.62,,,,0.35,15.53
342464719,67190110861,2024.12.28,,,,0.19,,,,0.16,,,,0.14,,,,0.15,,,,0.16,,,,0.28,,,,0.86,,,,1.09,,,,1.11,,,,0.64,,,,0.52,,,,0.53,,,,0.55,,,,0.52,,,,0.49,,,,0.5,,,,0.68,,,,1.11,,,,1.56,,,,1.42,,,,1.13,,,,1.13,,,,0.7,,,,0.36,15.98
342464719,67190110861,2024.12.29,,,,0.23,,,,0.18,,,,0.17,,,,0.16,,,,0.19,,,,0.41,,,,1.01,,,,1.15,,,,0.98,,,,0.67,,,,0.53,,,,0.52,,,,0.6,,,,0.49,,,,0.53,,,,0.52,,,,0.76,,,,1.14,,,,1.43,,,,1.55,,,,1.21,,,,1.05,,,,0.69,,,,0.45,16.62
342464719,67190110861,2024.12.30,,,,0.21,,,,0.17,,,,0.13,,,,0.15,,,,0.19,,,,0.38,,,,0.92,,,,0.96,,,,1.04,,,,0.64,,,,0.53,,,,0.48,,,,0.47,,,,0.44,,,,0.57,,,,0.54,,,,0.75,,,,1.06,,,,1.82,,,,1.69,,,,1.15,,,,1.07,,,,0.63,,,,0.44,16.43
342464719,67190110861,2024.12.31,,,,0.18,,,,0.18,,,,0.15,,,,0.15,,,,0.15,,,,0.39,,,,0.95,,,,0.93,,,,0.98,,,,0.52,,,,0.5,,,,0.48,,,,0.51,,,,0.47,,,,0.57,,,,0.5,,,,0.84,,,,1.07,,,,1.72,,,,1.26,,,,1.1,,,,1.08,,,,0.63,,,,0.41,15.72
342464719,67190110861,2025.01.01,,,,0.22,,,,0.17,,,,0.16,,,,0.16,,,,0.15,,,,0.41,,,,0.95,,,,0.95,,,,0.93,,,,0.67,,,,0.55,,,,0.48,,,,0.46,,,,0.5,,,,0.49,,,,0.57,,,,0.81,,,,1.08,,,,1.53,,,,1.57,,,,1.33,,,,1.18,,,,0.61,,,,0.42,16.35
342464719,67190110861,2025.01.02,,,,0.18,,,,0.16,,,,0.13,,,,0.13,,,,0.19,,,,0.34,,,,0.89,,,,1.1,,,,1.03,,,,0.58,,,,0.55,,,,0.49,,,,0.44,,,,0.56,,,,0.45,,,,0.5,,,,0.83,,,,1.03,,,,1.57,,,,1.28,,,,1.25,,,,0.94,,,,0.58,,,,0.37,15.57
342464719,67190110861,2025.01.03,,,,0.23,,,,0.19,,,,0.17,,,,0.12,,,,0.17,,,,0.39,,,,0.97,,,,0.87,,,,1.06,,,,0.7,,,,0.52,,,,0.59,,,,0.42,,,,0.53,,,,0.6,,,,0.58,,,,0.74,,,,0.98,,,,1.65,,,,1.4,,,,1.14,,,,1.07,,,,0.63,,,,0.36,16.08
342464719,67190110861,2025.01.04,,,,0.19,,,,0.14,,,,0.16,,,,0.14,,,,0.17,,,,0.4,,,,1.0,,,,1.07,,,,0.83,,,,0.64,,,,0.53,,,,0.51,,,,0.57,,,,0.43,,,,0.6,,,,0.5,,,,0.76,,,,0.98,,,,1.69,,,,1.13,,,,1.15,,,,0.98,,,,0.62,,,,0.37,15.56
342464719,67190110861,2025.01.05,,,,0.23,,,,0.18,,,,0.13,,,,0.13,,,,0.19,,,,0.43,,,,0.95,,,,1.19,,,,0.98,,,,0.58,,,,0.51,,,,0.62,,,,0.6,,,,0.51,,,,0.47,,,,0.53,,,,0.74,,,,1.2,,,,1.38,,,,1.56,,,,1.22,,,,1.17,,,,0.76,,,,0.44,16.7
342464719,67190110861,2025.01.06,,,,0.23,,,,0.19,,,,0.16,,,,0.15,,,,0.18,,,,0.43,,,,0.97,,,,1.25,,,,1.13,,,,0.6,,,,0.5,,,,0.56,,,,0.5,,,,0.53,,,,0.55,,,,0.59,,,,0.82,,,,1.04,,,,1.6,,,,1.57,,,,1.22,,,,1.1,,,,0.66,,,,0.39,16.92
342464719,67190110861,2025.01.07,,,,0.2,,,,0.2,,,,0.14,,,,0.12,,,,0.14,,,,0.38,,,,0.88,,,,1.1,,,,0.88,,,,0.74,,,,0.56,,,,0.47,,,,0.49,,,,0.45,,,,0.58,,,,0.61,,,,0.68,,,,1.29,,,,1.66,,,,1.62,,,,1.17,,,,1.02,,,,0.65,,,,0.43,16.46
342464719,67190110861,2025.01.08,,,,0.19,,,,0.18,,,,0.14,,,,0.13,,,,0.17,,,,0.42,,,,0.92,,,,1.22,,,,0.91,,,,0.66,,,,0.54,,,,0.46,,,,0.5,,,,0.51,,,,0.52,,,,0.61,,,,0.73,,,,0.99,,,,1.26,,,,1.42,,,,1.15,,,,0.87,,,,0.65,,,,0.4,15.55
342464719,67190110861,2025.01.09,,,,0.21,,,,0.19,,,,0.15,,,,0.13,,,,0.17,,,,0.38,,,,0.95,,,,1.03,,,,0.87,,,,0.69,,,,0.56,,,,0.59,,,,0.57,,,,0.52,,,,0.48,,,,0.51,,,,0.68,,,,1.14,,,,1.39,,,,1.32,,,,1.12,,,,1.19,,,,0.6,,,,0.44,15.88
342464719,67190110861,2025.01.10,,,,0.23,,,,0.18,,,,0.17,,,,0.14,,,,0.18,,,,0.33,,,,0.82,,,,1.07,,,,0.96,,,,0.64,,,,0.53,,,,0.51,,,,0.44,,,,0.42,,,,0.47,,,,0.49,,,,0.63,,,,1.3,,,,1.31,,,,1.39,,,,1.15,,,,1.1,,,,0.64,,,,0.38,15.48
342464719,67190110861,2025.01.11,,,,0.22,,,,0.17,,,,0.15,,,,0.12,,,,0.2,,,,0.35,,,,0.82,,,,1.11,,,,0.95,,,,0.73,,,,0.56,,,,0.54,,,,0.46,,,,0.54,,,,0.55,,,,0.53,,,,0.67,,,,1.1,,,,1.69,,,,1.33,,,,1.24,,,,0.86,,,,0.65,,,,0.4,15.94
342464719,67190110861,2025.01.12,,,,0.25,,,,0.19,,,,0.17,,,,0.14,,,,0.16,,,,0.37,,,,0.92,,,,1.26,,,,1.18,,,,0.58,,,,0.53,,,,0.51,,,,0.59,,,,0.56,,,,0.57,,,,0.57,,,,0.75,,,,1.19,,,,1.44,,,,1.41,,,,1.11,,,,0.91,,,,0.77,,,,0.42,16.55
342464719,67190110861,2025.01.13,,,,0.23,,,,0.19,,,,0.15,,,,0.15,,,,0.19,,,,0.43,,,,0.89,,,,1.01,,,,0.93,,,,0.63,,,,0.55,,,,0.6,,,,0.51,,,,0.44,,,,0.55,,,,0.67,,,,0.71,,,,1.2,,,,1.52,,,,1.22,,,,1.27,,,,1.12,,,,0.72,,,,0.46,16.34
342464719,67190110861,2025.01.14,,,,0.2,,,,0.15,,,,0.17,,,,0.13,,,,0.17,,,,0.39,,,,0.84,,,,1.14,,,,0.95,,,,0.59,,,,0.5,,,,0.56,,,,0.46,,,,0.51,,,,0.62,,,,0.55,,,,0.76,,,,1.15,,,,1.37,,,,1.42,,,,1.31,,,,1.22,,,,0.74,,,,0.44,16.34
342464719,67190110861,2025.01.15,,,,0.23,,,,0.16,,,,0.14,,,,0.15,,,,0.17,,,,0.38,,,,0.84,,,,1.08,,,,1.05,,,,0.77,,,,0.51,,,,0.54,,,,0.51,,,,0.46,,,,0.59,,,,0.58,,,,0.79,,,,1.09,,,,1.53,,,,1.46,,,,1.24,,,,0.91,,,,0.76,,,,0.38,16.32
342464719,67190110861,2025.01.16,,,,0.23,,,,0.17,,,,0.13,,,,0.13,,,,0.17,,,,0.38,,,,0.88,,,,1.05,,,,0.84,,,,0.63,,,,0.51,,,,0.44,,,,0.58,,,,0.48,,,,0.57,,,,0.55,,,,0.82,,,,1.24,,,,1.56,,,,1.37,,,,1.42,,,,1.1,,,,0.75,,,,0.35,16.35
342464719,67190110861,2025.01.17,,,,0.19,,,,0.17,,,,0.14,,,,0.16,,,,0.15,,,,0.31,,,,0.78,,,,0.96,,,,0.91,,,,0.69,,,,0.55,,,,0.44,,,,0.51,,,,0.48,,,,0.46,,,,0.61,,,,0.79,,,,1.21,,,,1.61,,,,1.14,,,,1.48,,,,1.13,,,,0.73,,,,0.33,15.93
342464719,67190110861,2025.01.18,,,,0.24,,,,0.19,,,,0.15,,,,0.12,,,,0.18,,,,0.39,,,,0.9,,,,1.05,,,,1.13,,,,0.59,,,,0.55,,,,0.53,,,,0.58,,,,0.42,,,,0.51,,,,0.58,,,,0.81,,,,1.11,,,,1.69,,,,1.48,,,,1.08,,,,0.98,,,,0.57,,,,0.36,16.19
342464719,67190110861,2025.01.19,,,,0.21,,,,0.22,,,,0.17,,,,0.13,,,,0.16,,,,0.37,,,,0.9,,,,1.03,,,,1.17,,,,0.77,,,,0.55,,,,0.62,,,,0.52,,,,0.56,,,,0.53,,,,0.51,,,,0.87,,,,1.12,,,,1.63,,,,1.39,,,,1.12,,,,1.0,,,,0.65,,,,0.41,16.61
342464719,67190110861,2025.01.20,,,,0.21,,,,0.2,,,,0.16,,,,0.14,,,,0.19,,,,0.44,,,,0.93,,,,1.09,,,,0.98,,,,0.64,,,,0.53,,,,0.57,,,,0.5,,,,0.49,,,,0.6,,,,0.57,,,,0.72,,,,1.1,,,,1.7,,,,1.29,,,,1.33,,,,1.06,,,,0.75,,,,0.45,16.64
342464719,67190110861,2025.01.21,,,,0.23,,,,0.15,,,,0.14,,,,0.13,,,,0.15,,,,0.35,,,,0.8,,,,1.05,,,,1.06,,,,0.62,,,,0.6,,,,0.47,,,,0.48,,,,0.47,,,,0.45,,,,0.49,,,,0.77,,,,1.27,,,,1.55,,,,1.21,,,,1.37,,,,1.1,,,,0.72,,,,0.44,16.07
342464719,67190110861,2025.01.22,,,,0.22,,,,0.16,,,,0.16,,,,0.14,,,,0.17,,,,0.38,,,,1.04,,,,1.18,,,,1.12,,,,0.68,,,,0.64,,,,0.45,,,,0.48,,,,0.48,,,,0.58,,,,0.54,,,,0.82,,,,1.03,,,,1.44,,,,1.54,,,,1.13,,,,1.0,,,,0.59,,,,0.37,16.34
342464719,67190110861,2025.01.23,,,,0.23,,,,0.18,,,,0.15,,,,0.12,,,,0.19,,,,0.36,,,,0.91,,,,1.13,,,,0.92,,,,0.69,,,,0.55,,,,0.53,,,,0.48,,,,0.54,,,,0.58,,,,0.53,,,,0.76,,,,1.24,,,,1.53,,,,1.4,,,,1.14,,,,1.12,,,,0.64,,,,0.35,16.27
342464719,67190110861,2025.01.24,,,,0.22,,,,0.2,,,,0.14,,,,0.13,,,,0.18,,,,0.38,,,,0.91,,,,1.13,,,,0.86,,,,0.7,,,,0.61,,,,0.57,,,,0.52,,,,0.51,,,,0.47,,,,0.5,,,,0.82,,,,1.03,,,,1.27,,,,1.53,,,,1.38,,,,0.93,,,,0.75,,,,0.37,16.11
342464719,67190110861,2025.01.25,,,,0.2,,,,0.19,,,,0.14,,,,0.12,,,,0.16,,,,0.39,,,,0.87,,,,1.19,,,,1.14,,,,0.65,,,,0.6,,,,0.47,,,,0.43,,,,0.52,,,,0.45,,,,0.53,,,,0.79,,,,1.11,,,,1.6,,,,1.25,,,,1.01,,,,0.96,,,,0.68,,,,0.37,15.82
342464719,67190110861,2025.01.26,,,,0.22,,,,0.2,,,,0.16,,,,0.13,,,,0.18,,,,0.37,,,,1.01,,,,1.23,,,,0.92,,,,0.69,,,,0.56,,,,0.45,,,,0.43,,,,0.54,,,,0.54,,,,0.48,,,,0.79,,,,1.09,,,,1.53,,,,1.39,,,,1.14,,,,1.1,,,,0.64,,,,0.43,16.22
342464719,67190110861,2025.01.27,,,,0.19,,,,0.17,,,,0.14,,,,0.14,,,,0.19,,,,0.34,,,,0.83,,,,0.94,,,,1.08,,,,0.6,,,,0.57,,,,0.56,,,,0.6,,,,0.53,,,,0.57,,,,0.6,,,,0.87,,,,1.3,,,,1.54,,,,1.57,,,,1.24,,,,1.18,,,,0.75,,,,0.38,16.88
342464719,67190110861,2025.01.28,,,,0.23,,,,0.16,,,,0.14,,,,0.13,,,,0.18,,,,0.32,,,,0.77,,,,1.21,,,,0.9,,,,0.55,,,,0.51,,,,0.49,,,,0.47,,,,0.44,,,,0.62,,,,0.56,,,,0.74,,,,1.06,,,,1.49,,,,1.39,,,,1.08,,,,0.91,,,,0.72,,,,0.37,15.44
342464719,67190110861,2025.01.29,,,,0.21,,,,0.18,,,,0.15,,,,0.12,,,,0.17,,,,0.32,,,,0.94,,,,1.02,,,,1.12,,,,0.71,,,,0.62,,,,0.6,,,,0.52,,,,0.48,,,,0.53,,,,0.61,,,,0.82,,,,1.03,,,,1.69,,,,1.47,,,,1.41,,,,1.12,,,,0.62,,,,0.35,16.81
342464719,67190110861,2025.01.30,,,,0.19,,,,0.16,,,,0.15,,,,0.15,,,,0.18,,,,0.38,,,,0.74,,,,0.92,,,,0.86,,,,0.6,,,,0.55,,,,0.46,,,,0.48,,,,0.43,,,,0.58,,,,0.55,,,,0.78,,,,1.1,,,,1.67,,,,1.21,,,,1.24,,,,1.03,,,,0.67,,,,0.46,15.54
342464719,67190110861,2025.01.31,,,,0.19,,,,0.17,,,,0.12,,,,0.13,,,,0.15,,,,0.34,,,,0.87,,,,1.09,,,,0.82,,,,0.68,,,,0.59,,,,0.46,,,,0.52,,,,0.51,,,,0.56,,,,0.53,,,,0.67,,,,1.17,,,,1.74,,,,1.44,,,,1.11,,,,1.03,,,,0.71,,,,0.34,15.94
342464719,67190110861,2025.02.01,,,,0.25,,,,0.2,,,,0.13,,,,0.16,,,,0.15,,,,0.41,,,,0.81,,,,0.98,,,,1.03,,,,0.68,,,,0.46,,,,0.53,,,,0.45,,,,0.47,,,,0.51,,,,0.55,,,,0.69,,,,1.03,,,,1.3,,,,1.15,,,,1.25,,,,1.08,,,,0.58,,,,0.45,15.3
342464719,67190110861,2025.02.02,,,,0.24,,,,0.18,,,,0.16,,,,0.16,,,,0.15,,,,0.4,,,,0.95,,,,1.13,,,,1.16,,,,0.57,,,,0.63,,,,0.54,,,,0.51,,,,0.5,,,,0.56,,,,0.66,,,,0.77,,,,1.3,,,,1.56,,,,1.3,,,,1.07,,,,0.93,,,,0.7,,,,0.39,16.52
342464719,67190110861,2025.02.03,,,,0.25,,,,0.2,,,,0.13,,,,0.13,,,,0.17,,,,0.4,,,,0.83,,,,1.05,,,,1.23,,,,0.72,,,,0.54,,,,0.51,,,,0.53,,,,0.54,,,,0.53,,,,0.51,,,,0.84,,,,1.2,,,,1.41,,,,1.42,,,,1.31,,,,1.01,,,,0.63,,,,0.39,16.48
342464719,67190110861,2025.02.04,,,,0.17,,,,0.19,,,,0.13,,,,0.13,,,,0.18,,,,0.43,,,,0.91,,,,1.0,,,,0.88,,,,0.66,,,,0.57,,,,0.47,,,,0.59,,,,0.41,,,,0.59,,,,0.6,,,,0.8,,,,1.35,,,,1.56,,,,1.31,,,,1.24,,,,0.95,,,,0.62,,,,0.41,16.15
342464719,67190110861,2025.02.05,,,,0.2,,,,0.16,,,,0.16,,,,0.15,,,,0.15,,,,0.36,,,,0.71,,,,1.05,,,,0.91,,,,0.66,,,,0.51,,,,0.47,,,,0.56,,,,0.46,,,,0.52,,,,0.49,,,,0.75,,,,1.17,,,,1.44,,,,1.23,,,,1.2,,,,1.01,,,,0.72,,,,0.39,15.43
342464719,67190110861,2025.02.06,,,,0.22,,,,0.16,,,,0.14,,,,0.13,,,,0.16,,,,0.33,,,,0.86,,,,1.02,,,,1.21,,,,0.57,,,,0.58,,,,0.58,,,,0.52,,,,0.45,,,,0.51,,,,0.46,,,,0.69,,,,1.24,,,,1.32,,,,1.28,,,,1.33,,,,1.08,,,,0.64,,,,0.43,15.91
342464719,67190110861,2025.02.07,,,,0.2,,,,0.17,,,,0.15,,,,0.14,,,,0.18,,,,0.32,,,,0.86,,,,1.03,,,,0.99,,,,0.52,,,,0.52,,,,0.57,,,,0.52,,,,0.48,,,,0.5,,,,0.51,,,,0.72,,,,1.26,,,,1.73,,,,1.41,,,,1.22,,,,1.13,,,,0.62,,,,0.39,16.14
342464719,67190110861,2025.02.08,,,,0.19,,,,0.18,,,,0.15,,,,0.15,,,,0.19,,,,0.33,,,,0.92,,,,1.19,,,,0.91,,,,0.59,,,,0.47,,,,0.51,,,,0.5,,,,0.49,,,,0.49,,,,0.68,,,,0.68,,,,1.08,,,,1.43,,,,1.34,,,,1.18,,,,0.94,,,,0.59,,,,0.41,15.59
342464719,67190110861,2025.02.09,,,,0.24,,,,0.19,,,,0.16,,,,0.16,,,,0.16,,,,0.46,,,,1.01,,,,0.99,,,,0.94,,,,0.57,,,,0.53,,,,0.61,,,,0.53,,,,0.55,,,,0.59,,,,0.58,,,,0.8,,,,1.02,,,,1.46,,,,1.43,,,,1.07,,,,0.9,,,,0.75,,,,0.44,16.14
342464719,67190110861,2025.02.10,,,,0.2,,,,0.19,,,,0.17,,,,0.13,,,,0.16,,,,0.44,,,,0.88,,,,1.0,,,,1.04,,,,0.72,,,,0.56,,,,0.51,,,,0.51,,,,0.59,,,,0.51,,,,0.62,,,,0.86,,,,1.1,,,,1.8,,,,1.64,,,,1.46,,,,0.98,,,,0.71,,,,0.44,17.22
342464719,67190110861,2025.02.11,,,,0.24,,,,0.16,,,,0.16,,,,0.13,,,,0.15,,,,0.35,,,,0.95,,,,1.08,,,,1.03,,,,0.75,,,,0.53,,,,0.55,,,,0.46,,,,0.49,,,,0.56,,,,0.62,,,,0.77,,,,1.25,,,,1.28,,,,1.2,,,,1.31,,,,0.84,,,,0.61,,,,0.4,15.87
342464719,67190110861,2025.02.12,,,,0.18,,,,0.16,,,,0.15,,,,0.14,,,,0.19,,,,0.37,,,,0.87,,,,1.25,,,,1.06,,,,0.59,,,,0.46,,,,0.52,,,,0.51,,,,0.53,,,,0.53,,,,0.59,,,,0.8,,,,1.14,,,,1.37,,,,1.62,,,,1.21,,,,1.11,,,,0.72,,,,0.43,16.5
342464719,67190110861,2025.02.13,,,,0.22,,,,0.17,,,,0.14,,,,0.13,,,,0.18,,,,0.41,,,,0.87,,,,0.95,,,,1.04,,,,0.69,,,,0.56,,,,0.47,,,,0.56,,,,0.49,,,,0.5,,,,0.63,,,,0.7,,,,1.35,,,,1.22,,,,1.22,,,,1.44,,,,0.87,,,,0.67,,,,0.42,15.9
342464719,67190110861,2025.02.14,,,,0.23,,,,0.2,,,,0.14,,,,0.14,,,,0.14,,,,0.36,,,,0.96,,,,0.94,,,,0.99,,,,0.62,,,,0.61,,,,0.6,,,,0.45,,,,0.5,,,,0.6,,,,0.57,,,,0.64,,,,1.16,,,,1.39,,,,1.31,,,,1.4,,,,1.03,,,,0.77,,,,0.43,16.18
342464719,67190110861,2025.02.15,,,,0.21,,,,0.15,,,,0.14,,,,0.12,,,,0.18,,,,0.32,,,,0.83,,,,1.03,,,,0.87,,,,0.6,,,,0.58,,,,0.44,,,,0.46,,,,0.46,,,,0.56,,,,0.57,,,,0.71,,,,1.16,,,,1.41,,,,1.55,,,,1.14,,,,1.05,,,,0.7,,,,0.43,15.67
342464719,67190110861,2025.02.16,,,,0.19,,,,0.17,,,,0.17,,,,0.12,,,,0.2,,,,0.43,,,,0.93,,,,0.96,,,,1.15,,,,0.71,,,,0.62,,,,0.47,,,,0.48,,,,0.51,,,,0.47,,,,0.64,,,,0.9,,,,1.14,,,,1.58,,,,1.25,,,,1.25,,,,0.95,,,,0.64,,,,0.45,16.38
342464719,67190110861,2025.02.17,,,,0.2,,,,0.19,,,,0.15,,,,0.16,,,,0.16,,,,0.34,,,,0.74,,,,1.08,,,,0.9,,,,0.73,,,,0.6,,,,0.55,,,,0.54,,,,0.47,,,,0.5,,,,0.66,,,,0.9,,,,1.35,,,,1.65,,,,1.25,,,,1.21,,,,0.96,,,,0.61,,,,0.35,16.25
342464719,67190110861,2025.02.18,,,,0.21,,,,0.17,,,,0.16,,,,0.15,,,,0.19,,,,0.32,,,,0.71,,,,1.1,,,,0.92,,,,0.57,,,,0.51,,,,0.5,,,,0.53,,,,0.48,,,,0.51,,,,0.59,,,,0.74,,,,1.08,,,,1.37,,,,1.34,,,,1.3,,,,1.09,,,,0.68,,,,0.35,15.57
342464719,67190110861,2025.02.19,,,,0.22,,,,0.18,,,,0.15,,,,0.13,,,,0.16,,,,0.39,,,,0.9,,,,0.96,,,,1.17,,,,0.53,,,,0.49,,,,0.6,,,,0.57,,,,0.4,,,,0.51,,,,0.51,,,,0.75,,,,1.28,,,,1.69,,,,1.38,,,,1.19,,,,1.09,,,,0.63,,,,0.47,16.35
342464719,67190110861,2025.02.20,,,,0.24,,,,0.18,,,,0.13,,,,0.13,,,,0.15,,,,0.38,,,,0.87,,,,1.04,,,,0.99,,,,0.69,,,,0.47,,,,0.58,,,,0.59,,,,0.53,,,,0.5,,,,0.49,,,,0.73,,,,1.09,,,,1.41,,,,1.31,,,,1.36,,,,1.12,,,,0.57,,,,0.4,15.95
342464719,67190110861,2025.02.21,,,,0.23,,,,0.19,,,,0.16,,,,0.13,,,,0.19,,,,0.36,,,,0.84,,,,0.9,,,,0.82,,,,0.58,,,,0.49,,,,0.49,,,,0.48,,,,0.42,,,,0.59,,,,0.48,,,,0.76,,,,1.04,,,,1.76,,,,1.49,,,,1.25,,,,1.04,,,,0.6,,,,0.47,15.76
342464719,67190110861,2025.02.22,,,,0.25,,,,0.21,,,,0.16,,,,0.13,,,,0.19,,,,0.34,,,,0.86,,,,0.96,,,,1.12,,,,0.58,,,,0.49,,,,0.54,,,,0.57,,,,0.51,,,,0.49,,,,0.47,,,,0.79,,,,1.35,,,,1.65,,,,1.3,,,,1.38,,,,1.04,,,,0.68,,,,0.38,16.44
342464719,67190110861,2025.02.23,,,,0.22,,,,0.21,,,,0.16,,,,0.12,,,,0.17,,,,0.34,,,,0.91,,,,1.03,,,,0.93,,,,0.7,,,,0.62,,,,0.58,,,,0.53,,,,0.56,,,,0.63,,,,0.63,,,,0.79,,,,1.12,,,,1.81,,,,1.4,,,,1.15,,,,1.07,,,,0.58,,,,0.48,16.74
342464719,67190110861,2025.02.24,,,,0.24,,,,0.19,,,,0.16,,,,0.15,,,,0.15,,,,0.39,,,,0.99,,,,1.08,,,,1.14,,,,0.63,,,,0.52,,,,0.51,,,,0.5,,,,0.55,,,,0.56,,,,0.61,,,,0.83,,,,1.23,,,,1.44,,,,1.37,,,,1.51,,,,1.11,,,,0.76,,,,0.4,17.02
342464719,67190110861,2025.02.25,,,,0.23,,,,0.15,,,,0.14,,,,0.14,,,,0.17,,,,0.34,,,,0.8,,,,0.93,,,,1.08,,,,0.62,,,,0.49,,,,0.45,,,,0.43,,,,0.49,,,,0.44,,,,0.58,,,,0.63,,,,1.09,,,,1.54,,,,1.4,,,,1.05,,,,1.14,,,,0.71,,,,0.44,15.48
342464719,67190110861,2025.02.26,,,,0.22,,,,0.18,,,,0.17,,,,0.12,,,,0.17,,,,0.37,,,,0.74,,,,0.9,,,,0.85,,,,0.68,,,,0.57,,,,0.54,,,,0.44,,,,0.48,,,,0.58,,,,0.56,,,,0.79,,,,1.21,,,,1.55,,,,1.43,,,,1.39,,,,1.0,,,,0.76,,,,0.36,16.06
342464719,67190110861,2025.02.27,,,,0.21,,,,0.16,,,,0.16,,,,0.13,,,,0.16,,,,0.35,,,,0.96,,,,1.23,,,,1.06,,,,0.64,,,,0.53,,,,0.48,,,,0.55,,,,0.4,,,,0.52,,,,0.54,,,,0.75,,,,1.1,,,,1.5,,,,1.25,,,,1.19,,,,0.94,,,,0.61,,,,0.35,15.77
342464719,67190110861,2025.02.28,,,,0.23,,,,0.17,,,,0.14,,,,0.14,,,,0.19,,,,0.37,,,,0.86,,,,0.98,,,,1.05,,,,0.64,,,,0.62,,,,0.58,,,,0.45,,,,0.42,,,,0.55,,,,0.52,,,,0.62,,,,1.2,,,,1.4,,,,1.48,,,,1.35,,,,1.06,,,,0.6,,,,0.36,15.98
342464719,67190110861,2025.03.01,,,,0.18,,,,0.14,,,,0.11,,,,0.1,,,,0.12,,,,0.27,,,,0.72,,,,0.74,,,,0.69,,,,0.5,,,,0.5,,,,0.39,,,,0.35,,,,0.38,,,,0.47,,,,0.47,,,,0.6,,,,0.86,,,,1.21,,,,0.94,,,,1.09,,,,0.85,,,,0.6,,,,0.3,12.58
342464719,67190110861,2025.03.02,,,,0.15,,,,0.15,,,,0.13,,,,0.12,,,,0.13,,,,0.28,,,,0.75,,,,0.83,,,,0.9,,,,0.52,,,,0.49,,,,0.46,,,,0.45,,,,0.39,,,,0.47,,,,0.42,,,,0.65,,,,0.83,,,,1.2,,,,1.06,,,,0.96,,,,0.99,,,,0.47,,,,0.33,13.13
342464719,67190110861,2025.03.03,,,,0.2,,,,0.12,,,,0.13,,,,0.1,,,,0.12,,,,0.31,,,,0.82,,,,0.76,,,,0.88,,,,0.49,,,,0.54,,,,0.36,,,,0.44,,,,0.42,,,,0.46,,,,0.52,,,,0.66,,,,0.8,,,,1.26,,,,1.13,,,,0.98,,,,0.84,,,,0.53,,,,0.32,13.19
342464719,67190110861,2025.03.04,,,,0.2,,,,0.12,,,,0.13,,,,0.11,,,,0.14,,,,0.31,,,,0.65,,,,0.85,,,,0.76,,,,0.48,,,,0.51,,,,0.44,,,,0.35,,,,0.34,,,,0.39,,,,0.37,,,,0.61,,,,0.82,,,,1.24,,,,0.9,,,,0.94,,,,0.87,,,,0.52,,,,0.36,12.41
342464719,67190110861,2025.03.05,,,,0.18,,,,0.13,,,,0.1,,,,0.12,,,,0.14,,,,0.31,,,,0.66,,,,0.96,,,,0.74,,,,0.54,,,,0.49,,,,0.39,,,,0.44,,,,0.36,,,,0.48,,,,0.4,,,,0.65,,,,0.8,,,,1.29,,,,1.1,,,,1.0,,,,0.75,,,,0.54,,,,0.27,12.84
342464719,67190110861,2025.03.06,,,,0.16,,,,0.13,,,,0.13,,,,0.09,,,,0.12,,,,0.28,,,,0.64,,,,0.74,,,,0.77,,,,0.55,,,,0.49,,,,0.42,,,,0.36,,,,0.43,,,,0.36,,,,0.46,,,,0.53,,,,0.86,,,,1.16,,,,1.18,,,,0.88,,,,0.8,,,,0.46,,,,0.34,12.34
342464719,67190110861,2025.03.07,,,,0.18,,,,0.14,,,,0.12,,,,0.11,,,,0.14,,,,0.28,,,,0.69,,,,0.9,,,,0.67,,,,0.53,,,,0.45,,,,0.36,,,,0.44,,,,0.38,,,,0.37,,,,0.48,,,,0.66,,,,1.01,,,,1.32,,,,1.23,,,,0.86,,,,0.75,,,,0.6,,,,0.29,12.96
342464719,67190110861,2025.03.08,,,,0.17,,,,0.14,,,,0.11,,,,0.12,,,,0.15,,,,0.28,,,,0.75,,,,0.85,,,,0.72,,,,0.51,,,,0.48,,,,0.44,,,,0.43,,,,0.41,,,,0.38,,,,0.5,,,,0.64,,,,0.8,,,,1.08,,,,1.23,,,,1.14,,,,0.9,,,,0.58,,,,0.3,13.11
342464719,67190110861,2025.03.09,,,,0.18,,,,0.15,,,,0.11,,,,0.12,,,,0.14,,,,0.31,,,,0.74,,,,0.82,,,,0.74,,,,0.49,,,,0.41,,,,0.38,,,,0.48,,,,0.35,,,,0.4,,,,0.49,,,,0.62,,,,0.84,,,,1.36,,,,1.22,,,,0.94,,,,0.78,,,,0.66,,,,0.34,13.07
342464719,67190110861,2025.03.10,,,,0.2,,,,0.12,,,,0.12,,,,0.11,,,,0.13,,,,0.3,,,,0.78,,,,0.83,,,,0.88,,,,0.57,,,,0.43,,,,0.5,,,,0.39,,,,0.43,,,,0.38,,,,0.42,,,,0.65,,,,0.95,,,,1.41,,,,1.08,,,,0.96,,,,0.86,,,,0.51,,,,0.32,13.33
342464719,67190110861,2025.03.11,,,,0.18,,,,0.14,,,,0.14,,,,0.12,,,,0.13,,,,0.31,,,,0.69,,,,0.84,,,,0.76,,,,0.57,,,,0.47,,,,0.47,,,,0.44,,,,0.43,,,,0.43,,,,0.44,,,,0.53,,,,0.86,,,,1.02,,,,1.16,,,,1.02,,,,0.79,,,,0.59,,,,0.35,12.88
342464719,67190110861,2025.03.12,,,,0.16,,,,0.13,,,,0.11,,,,0.11,,,,0.15,,,,0.29,,,,0.73,,,,0.9,,,,0.88,,,,0.47,,,,0.47,,,,0.4,,,,0.38,,,,0.33,,,,0.4,,,,0.44,,,,0.53,,,,0.94,,,,1.28,,,,0.99,,,,0.82,,,,0.87,,,,0.43,,,,0.37,12.58
342464719,67190110861,2025.03.13,,,,0.16,,,,0.13,,,,0.11,,,,0.09,,,,0.13,,,,0.27,,,,0.7,,,,0.73,,,,0.78,,,,0.53,,,,0.41,,,,0.35,,,,0.33,,,,0.34,,,,0.44,,,,0.41,,,,0.62,,,,0.84,,,,1.13,,,,1.06,,,,1.0,,,,0.77,,,,0.44,,,,0.33,12.1
342464719,67190110861,2025.03.14,,,,0.15,,,,0.13,,,,0.12,,,,0.11,,,,0.14,,,,0.3,,,,0.72,,,,0.91,,,,0.8,,,,0.55,,,,0.49,,,,0.39,,,,0.39,,,,0.43,,,,0.39,,,,0.38,,,,0.66,,,,0.8,,,,1.27,,,,1.19,,,,1.14,,,,0.7,,,,0.53,,,,0.3,12.99
342464719,67190110861,2025.03.15,,,,0.16,,,,0.12,,,,0.12,,,,0.11,,,,0.12,,,,0.3,,,,0.69,,,,0.9,,,,0.88,,,,0.5,,,,0.51,,,,0.47,,,,0.38,,,,0.36,,,,0.41,,,,0.44,,,,0.62,,,,0.93,,,,1.31,,,,1.09,,,,0.88,,,,0.87,,,,0.49,,,,0.34,13.0
342464719,67190110861,2025.03.16,,,,0.16,,,,0.18,,,,0.11,,,,0.1,,,,0.13,,,,0.33,,,,0.84,,,,0.83,,,,0.88,,,,0.54,,,,0.48,,,,0.49,,,,0.4,,,,0.4,,,,0.5,,,,0.5,,,,0.74,,,,1.09,,,,1.09,,,,1.2,,,,0.99,,,,0.97,,,,0.54,,,,0.32,13.81
342464719,67190110861,2025.03.17,,,,0.18,,,,0.14,,,,0.11,,,,0.13,,,,0.16,,,,0.27,,,,0.78,,,,0.93,,,,0.76,,,,0.45,,,,0.49,,,,0.49,,,,0.41,,,,0.44,,,,0.39,,,,0.5,,,,0.55,,,,0.89,,,,1.33,,,,1.37,,,,0.99,,,,0.8,,,,0.56,,,,0.37,13.49
342464719,67190110861,2025.03.18,,,,0.17,,,,0.15,,,,0.12,,,,0.12,,,,0.12,,,,0.29,,,,0.65,,,,0.8,,,,0.9,,,,0.55,,,,0.38,,,,0.36,,,,0.37,,,,0.36,,,,0.42,,,,0.5,,,,0.71,,,,0.92,,,,1.33,,,,1.09,,,,0.89,,,,0.82,,,,0.49,,,,0.33,12.84
342464719,67190110861,2025.03.19,,,,0.15,,,,0.13,,,,0.11,,,,0.12,,,,0.13,,,,0.31,,,,0.76,,,,0.79,,,,0.78,,,,0.55,,,,0.43,,,,0.48,,,,0.39,,,,0.35,,,,0.46,,,,0.49,,,,0.65,,,,0.94,,,,1.33,,,,1.18,,,,1.06,,,,0.83,,,,0.52,,,,0.34,13.28
342464719,67190110861,2025.03.20,,,,0.15,,,,0.14,,,,0.1,,,,0.11,,,,0.13,,,,0.25,,,,0.74,,,,0.8,,,,0.84,,,,0.42,,,,0.37,,,,0.37,,,,0.45,,,,0.34,,,,0.45,,,,0.42,,,,0.56,,,,0.77,,,,1.05,,,,1.19,,,,1.12,,,,0.82,,,,0.47,,,,0.28,12.34
342464719,67190110861,2025.03.21,,,,0.17,,,,0.16,,,,0.11,,,,0.11,,,,0.12,,,,0.26,,,,0.68,,,,0.72,,,,0.88,,,,0.44,,,,0.48,,,,0.36,,,,0.45,,,,0.36,,,,0.46,,,,0.49,,,,0.66,,,,0.98,,,,1.25,,,,1.09,,,,0.87,,,,0.81,,,,0.45,,,,0.35,12.71
342464719,67190110861,2025.03.22,,,,0.15,,,,0.14,,,,0.12,,,,0.11,,,,0.14,,,,0.25,,,,0.69,,,,0.79,,,,0.91,,,,0.51,,,,0.48,,,,0.36,,,,0.39,,,,0.36,,,,0.37,,,,0.41,,,,0.6,,,,0.83,,,,1.23,,,,1.15,,,,1.04,,,,0.83,,,,0.5,,,,0.33,12.69
342464719,67190110861,2025.03.23,,,,0.16,,,,0.15,,,,0.11,,,,0.11,,,,0.15,,,,0.33,,,,0.7,,,,0.81,,,,0.95,,,,0.52,,,,0.42,,,,0.37,,,,0.37,,,,0.45,,,,0.41,,,,0.47,,,,0.6,,,,1.0,,,,1.4,,,,1.28,,,,1.0,,,,0.7,,,,0.54,,,,0.36,13.36
342464719,67190110861,2025.03.24,,,,0.18,,,,0.15,,,,0.11,,,,0.12,,,,0.14,,,,0.34,,,,0.68,,,,0.97,,,,0.71,,,,0.52,,,,0.5,,,,0.4,,,,0.48,,,,0.42,,,,0.46,,,,0.42,,,,0.61,,,,0.93,,,,1.23,,,,1.29,,,,0.98,,,,0.74,,,,0.5,,,,0.28,13.16
342464719,67190110861,2025.03.25,,,,0.15,,,,0.15,,,,0.14,,,,0.1,,,,0.15,,,,0.3,,,,0.74,,,,0.89,,,,0.86,,,,0.45,,,,0.4,,,,0.34,,,,0.43,,,,0.36,,,,0.44,,,,0.41,,,,0.65,,,,0.82,,,,1.04,,,,1.03,,,,0.99,,,,0.77,,,,0.56,,,,0.27,12.44
342464719,67190110861,2025.03.26,,,,0.16,,,,0.15,,,,0.1,,,,0.13,,,,0.16,,,,0.26,,,,0.64,,,,0.81,,,,0.84,,,,0.52,,,,0.47,,,,0.43,,,,0.37,,,,0.4,,,,0.45,,,,0.46,,,,0.67,,,,1.01,,,,1.08,,,,1.02,,,,0.97,,,,0.72,,,,0.57,,,,0.28,12.67
342464719,67190110861,2025.03.27,,,,0.19,,,,0.14,,,,0.1,,,,0.12,,,,0.15,,,,0.3,,,,0.65,,,,0.73,,,,0.82,,,,0.45,,,,0.44,,,,0.48,,,,0.39,,,,0.43,,,,0.41,,,,0.45,,,,0.63,,,,0.89,,,,1.3,,,,1.0,,,,0.88,,,,0.89,,,,0.55,,,,0.34,12.73
342464719,67190110861,2025.03.28,,,,0.18,,,,0.12,,,,0.12,,,,0.1,,,,0.13,,,,0.32,,,,0.64,,,,0.85,,,,0.89,,,,0.41,,,,0.48,,,,0.43,,,,0.47,,,,0.39,,,,0.36,,,,0.46,,,,0.49,,,,1.0,,,,0.98,,,,1.18,,,,0.95,,,,0.76,,,,0.44,,,,0.33,12.48
342464719,67190110861,2025.03.29,,,,0.17,,,,0.13,,,,0.13,,,,0.1,,,,0.13,,,,0.31,,,,0.61,,,,0.95,,,,0.76,,,,0.42,,,,0.42,,,,0.42,,,,0.4,,,,0.41,,,,0.37,,,,0.41,,,,0.62,,,,0.79,,,,1.3,,,,0.99,,,,1.07,,,,0.77,,,,0.53,,,,0.3,12.51
342464719,67190110861,2025.03.30,,,,0.15,,,,0.13,,,,0.11,,,,0.1,,,,0.14,,,,0.31,,,,0.76,,,,0.92,,,,0.86,,,,0.49,,,,0.47,,,,0.42,,,,0.48,,,,0.38,,,,0.38,,,,0.46,,,,0.56,,,,0.99,,,,1.34,,,,0.99,,,,0.94,,,,0.87,,,,0.58,,,,0.29,13.12
342464719,67190110861,2025.03.31,,,,0.19,,,,0.15,,,,0.12,,,,0.1,,,,0.15,,,,0.27,,,,0.79,,,,0.81,,,,0.88,,,,0.56,,,,0.49,,,,0.42,,,,0.4,,,,0.45,,,,0.44,,,,0.43,,,,0.69,,,,0.86,,,,1.08,,,,1.0,,,,1.16,,,,0.88,,,,0.54,,,,0.31,13.17
342464719,67190110861,2025.04.01,,,,0.16,,,,0.15,,,,0.1,,,,0.12,,,,0.12,,,,0.35,,,,0.6,,,,0.91,,,,0.72,,,,0.44,,,,0.48,,,,0.46,,,,0.39,,,,0.41,,,,0.42,,,,0.51,,,,0.54,,,,0.93,,,,1.23,,,,1.0,,,,1.04,,,,0.74,,,,0.49,,,,0.32,12.63
342464719,67190110861,2025.04.02,,,,0.17,,,,0.13,,,,0.11,,,,0.12,,,,0.13,,,,0.31,,,,0.75,,,,0.83,,,,0.87,,,,0.52,,,,0.43,,,,0.41,,,,0.42,,,,0.42,,,,0.46,,,,0.43,,,,0.55,,,,0.82,,,,0.98,,,,0.9,,,,1.09,,,,0.88,,,,0.57,,,,0.32,12.62
342464719,67190110861,2025.04.03,,,,0.18,,,,0.14,,,,0.13,,,,0.1,,,,0.15,,,,0.31,,,,0.63,,,,0.83,,,,0.82,,,,0.45,,,,0.46,,,,0.4,,,,0.36,,,,0.4,,,,0.44,,,,0.49,,,,0.66,,,,0.85,,,,1.25,,,,1.12,,,,1.14,,,,0.76,,,,0.57,,,,0.36,13.0
342464719,67190110861,2025.04.04,,,,0.17,,,,0.16,,,,0.11,,,,0.12,,,,0.14,,,,0.25,,,,0.78,,,,0.8,,,,0.78,,,,0.51,,,,0.41,,,,0.41,,,,0.44,,,,0.32,,,,0.38,,,,0.39,,,,0.56,,,,0.98,,,,1.29,,,,1.28,,,,1.0,,,,0.75,,,,0.56,,,,0.33,12.92
342464719,67190110861,2025.04.05,,,,0.18,,,,0.15,,,,0.13,,,,0.11,,,,0.13,,,,0.31,,,,0.61,,,,0.85,,,,0.77,,,,0.45,,,,0.38,,,,0.37,,,,0.41,,,,0.41,,,,0.46,,,,0.46,,,,0.6,,,,1.04,,,,1.03,,,,1.16,,,,1.1,,,,0.73,,,,0.6,,,,0.34,12.78
342464719,67190110861,2025.04.06,,,,0.15,,,,0.14,,,,0.11,,,,0.11,,,,0.14,,,,0.33,,,,0.68,,,,1.0,,,,0.77,,,,0.47,,,,0.45,,,,0.43,,,,0.4,,,,0.37,,,,0.39,,,,0.51,,,,0.72,,,,0.86,,,,1.23,,,,1.19,,,,1.08,,,,0.8,,,,0.65,,,,0.34,13.32
342464719,67190110861,2025.04.07,,,,0.17,,,,0.15,,,,0.15,,,,0.12,,,,0.12,,,,0.3,,,,0.72,,,,0.82,,,,0.83,,,,0.56,,,,0.48,,,,0.49,,,,0.37,,,,0.45,,,,0.47,,,,0.42,,,,0.65,,,,0.83,,,,1.33,,,,1.16,,,,0.98,,,,0.86,,,,0.56,,,,0.3,13.29
342464719,67190110861,2025.04.08,,,,0.14,,,,0.14,,,,0.12,,,,0.11,,,,0.16,,,,0.3,,,,0.71,,,,0.79,,,,0.86,,,,0.47,,,,0.44,,,,0.43,,,,0.33,,,,0.41,,,,0.43,,,,0.42,,,,0.59,,,,1.07,,,,1.28,,,,1.05,,,,0.93,,,,0.84,,,,0.54,,,,0.29,12.85
342464719,67190110861,2025.04.09,,,,0.16,,,,0.15,,,,0.12,,,,0.11,,,,0.15,,,,0.33,,,,0.62,,,,0.88,,,,0.69,,,,0.53,,,,0.45,,,,0.37,,,,0.46,,,,0.44,,,,0.35,,,,0.47,,,,0.55,,,,0.84,,,,1.28,,,,1.0,,,,1.16,,,,0.72,,,,0.54,,,,0.33,12.7
342464719,67190110861,2025.04.10,,,,0.15,,,,0.13,,,,0.13,,,,0.12,,,,0.13,,,,0.3,,,,0.58,,,,0.79,,,,0.77,,,,0.44,,,,0.48,,,,0.42,,,,0.46,,,,0.42,,,,0.48,,,,0.43,,,,0.64,,,,1.03,,,,1.2,,,,0.95,,,,1.04,,,,0.89,,,,0.6,,,,0.33,12.91
342464719,67190110861,2025.04.11,,,,0.18,,,,0.16,,,,0.1,,,,0.11,,,,0.12,,,,0.3,,,,0.69,,,,0.75,,,,0.75,,,,0.53,,,,0.39,,,,0.37,,,,0.43,,,,0.35,,,,0.41,,,,0.5,,,,0.55,,,,0.92,,,,1.25,,,,1.14,,,,1.1,,,,0.96,,,,0.56,,,,0.28,12.9
342464719,67190110861,2025.04.12,,,,0.14,,,,0.13,,,,0.1,,,,0.11,,,,0.14,,,,0.25,,,,0.74,,,,0.76,,,,0.75,,,,0.53,,,,0.43,,,,0.41,,,,0.36,,,,0.36,,,,0.48,,,,0.51,,,,0.56,,,,0.91,,,,1.24,,,,1.3,,,,0.95,,,,0.84,,,,0.6,,,,0.32,12.92
342464719,67190110861,2025.04.13,,,,0.16,,,,0.15,,,,0.11,,,,0.11,,,,0.14,,,,0.34,,,,0.69,,,,0.83,,,,0.74,,,,0.56,,,,0.43,,,,0.41,,,,0.37,,,,0.45,,,,0.42,,,,0.46,,,,0.58,,,,1.03,,,,1.21,,,,1.19,,,,1.13,,,,0.94,,,,0.53,,,,0.37,13.35
342464719,67190110861,2025.04.14,,,,0.15,,,,0.14,,,,0.14,,,,0.11,,,,0.12,,,,0.29,,,,0.7,,,,0.84,,,,0.88,,,,0.59,,,,0.49,,,,0.38,,,,0.48,,,,0.37,,,,0.39,,,,0.43,,,,0.62,,,,0.85,,,,1.13,,,,1.04,,,,0.97,,,,0.87,,,,0.63,,,,0.32,12.93
342464719,67190110861,2025.04.15,,,,0.16,,,,0.13,,,,0.13,,,,0.09,,,,0.15,,,,0.24,,,,0.75,,,,0.84,,,,0.77,,,,0.53,,,,0.45,,,,0.38,,,,0.41,,,,0.39,,,,0.36,,,,0.39,,,,0.6,,,,0.8,,,,1.2,,,,1.01,,,,0.92,,,,0.73,,,,0.52,,,,0.26,12.21
342464719,67190110861,2025.04.16,,,,0.13,,,,0.12,,,,0.13,,,,0.09,,,,0.15,,,,0.25,,,,0.6,,,,0.87,,,,0.8,,,,0.57,,,,0.52,,,,0.44,,,,0.42,,,,0.39,,,,0.4,,,,0.47,,,,0.59,,,,0.9,,,,1.05,,,,0.94,,,,1.08,,,,0.79,,,,0.52,,,,0.26,12.48
342464719,67190110861,2025.04.17,,,,0.17,,,,0.12,,,,0.13,,,,0.1,,,,0.15,,,,0.31,,,,0.59,,,,0.84,,,,0.72,,,,0.46,,,,0.49,,,,0.4,,,,0.37,,,,0.36,,,,0.4,,,,0.5,,,,0.55,,,,1.02,,,,1.39,,,,0.98,,,,0.91,,,,0.94,,,,0.5,,,,0.27,12.67
342464719,67190110861,2025.04.18,,,,0.17,,,,0.14,,,,0.14,,,,0.1,,,,0.12,,,,0.35,,,,0.73,,,,0.84,,,,0.88,,,,0.49,,,,0.48,,,,0.43,,,,0.36,,,,0.43,,,,0.38,,,,0.52,,,,0.55,,,,1.01,,,,1.28,,,,1.01,,,,1.05,,,,0.75,,,,0.6,,,,0.3,13.11
342464719,67190110861,2025.04.19,,,,0.19,,,,0.13,,,,0.1,,,,0.1,,,,0.12,,,,0.31,,,,0.74,,,,0.81,,,,0.78,,,,0.53,,,,0.38,,,,0.46,,,,0.44,,,,0.37,,,,0.34,,,,0.4,,,,0.61,,,,0.93,,,,1.19,,,,0.98,,,,1.05,,,,0.86,,,,0.5,,,,0.3,12.62
342464719,67190110861,2025.04.20,,,,0.16,,,,0.14,,,,0.14,,,,0.11,,,,0.16,,,,0.3,,,,0.67,,,,0.86,,,,0.83,,,,0.49,,,,0.43,,,,0.43,,,,0.37,,,,0.37,,,,0.42,,,,0.42,,,,0.69,,,,0.89,,,,1.37,,,,1.21,,,,1.13,,,,0.76,,,,0.66,,,,0.34,13.35
342464719,67190110861,2025.04.21,,,,0.19,,,,0.14,,,,0.12,,,,0.12,,,,0.12,,,,0.3,,,,0.68,,,,0.87,,,,0.99,,,,0.52,,,,0.5,,,,0.45,,,,0.44,,,,0.48,,,,0.5,,,,0.49,,,,0.55,,,,0.92,,,,1.13,,,,1.15,,,,1.02,,,,0.98,,,,0.62,,,,0.3,13.58
342464719,67190110861,2025.04.22,,,,0.14,,,,0.14,,,,0.11,,,,0.1,,,,0.12,,,,0.27,,,,0.79,,,,0.74,,,,0.75,,,,0.46,,,,0.48,,,,0.45,,,,0.36,,,,0.33,,,,0.46,,,,0.41,,,,0.61,,,,0.78,,,,1.04,,,,1.2,,,,0.93,,,,0.9,,,,0.46,,,,0.26,12.29
342464719,67190110861,2025.04.23,,,,0.21,,,,0.14,,,,0.12,,,,0.1,,,,0.13,,,,0.31,,,,0.66,,,,0.91,,,,0.84,,,,0.49,,,,0.47,,,,0.4,,,,0.35,,,,0.38,,,,0.41,,,,0.4,,,,0.63,,,,0.95,,,,1.33,,,,1.0,,,,0.98,,,,0.86,,,,0.52,,,,0.32,12.91
342464719,67190110861,2025.04.24,,,,0.14,,,,0.14,,,,0.11,,,,0.12,,,,0.13,,,,0.33,,,,0.7,,,,0.77,,,,0.83,,,,0.52,,,,0.48,,,,0.36,,,,0.39,,,,0.37,,,,0.35,,,,0.45,,,,0.64,,,,0.87,,,,1.28,,,,1.14,,,,0.96,,,,0.71,,,,0.57,,,,0.33,12.69
342464719,67190110861,2025.04.25,,,,0.18,,,,0.12,,,,0.11,,,,0.09,,,,0.14,,,,0.32,,,,0.59,,,,0.91,,,,0.82,,,,0.54,,,,0.52,,,,0.37,,,,0.46,,,,0.35,,,,0.39,,,,0.48,,,,0.67,,,,0.89,,,,1.18,,,,1.16,,,,1.13,,,,0.71,,,,0.56,,,,0.3,12.99
342464719,67190110861,2025.04.26,,,,0.16,,,,0.14,,,,0.12,,,,0.12,,,,0.14,,,,0.32,,,,0.57,,,,0.9,,,,0.86,,,,0.52,,,,0.46,,,,0.41,,,,0.45,,,,0.42,,,,0.37,,,,0.53,,,,0.59,,,,0.85,,,,1.37,,,,1.1,,,,1.09,,,,0.76,,,,0.44,,,,0.32,13.01
342464719,67190110861,2025.04.27,,,,0.14,,,,0.17,,,,0.1,,,,0.11,,,,0.11,,,,0.29,,,,0.81,,,,0.8,,,,0.78,,,,0.58,,,,0.49,,,,0.45,,,,0.38,,,,0.38,,,,0.52,,,,0.49,,,,0.64,,,,0.99,,,,1.16,,,,1.02,,,,1.18,,,,0.92,,,,0.54,,,,0.38,13.43
342464719,67190110861,2025.04.28,,,,0.17,,,,0.14,,,,0.15,,,,0.12,,,,0.14,,,,0.26,,,,0.68,,,,0.87,,,,0.78,,,,0.55,,,,0.49,,,,0.46,,,,0.4,,,,0.44,,,,0.41,,,,0.44,,,,0.53,,,,0.96,,,,1.41,,,,1.06,,,,0.98,,,,0.94,,,,0.47,,,,0.36,13.21
342464719,67190110861,2025.04.29,,,,0.16,,,,0.12,,,,0.12,,,,0.1,,,,0.14,,,,0.28,,,,0.58,,,,0.72,,,,0.69,,,,0.43,,,,0.47,,,,0.41,,,,0.4,,,,0.36,,,,0.45,,,,0.48,,,,0.59,,,,1.01,,,,1.14,,,,1.0,,,,1.01,,,,0.89,,,,0.52,,,,0.31,12.38
342464719,67190110861,2025.04.30,,,,0.18,,,,0.15,,,,0.11,,,,0.11,,,,0.13,,,,0.26,,,,0.65,,,,0.78,,,,0.65,,,,0.57,,,,0.42,,,,0.42,,,,0.37,,,,0.37,,,,0.45,,,,0.45,,,,0.66,,,,1.06,,,,1.11,,,,1.07,,,,1.14,,,,0.97,,,,0.53,,,,0.35,12.96
342464719,67190110861,2025.05.01,,,,0.18,,,,0.13,,,,0.12,,,,0.12,,,,0.14,,,,0.25,,,,0.64,,,,0.77,,,,0.72,,,,0.56,,,,0.39,,,,0.38,,,,0.39,,,,0.39,,,,0.43,,,,0.4,,,,0.55,,,,0.81,,,,1.14,,,,1.03,,,,1.13,,,,0.78,,,,0.44,,,,0.31,12.2
342464719,67190110861,2025.05.02,,,,0.15,,,,0.15,,,,0.11,,,,0.11,,,,0.15,,,,0.33,,,,0.64,,,,0.81,,,,0.77,,,,0.57,,,,0.51,,,,0.35,,,,0.34,,,,0.39,,,,0.37,,,,0.41,,,,0.52,,,,0.95,,,,1.38,,,,1.23,,,,0.94,,,,0.83,,,,0.6,,,,0.27,12.88
342464719,67190110861,2025.05.03,,,,0.19,,,,0.13,,,,0.1,,,,0.1,,,,0.12,,,,0.31,,,,0.65,,,,0.77,,,,0.68,,,,0.58,,,,0.43,,,,0.43,,,,0.4,,,,0.37,,,,0.38,,,,0.46,,,,0.51,,,,0.8,,,,1.22,,,,1.0,,,,0.94,,,,0.84,,,,0.51,,,,0.32,12.24
342464719,67190110861,2025.05.04,,,,0.18,,,,0.15,,,,0.13,,,,0.11,,,,0.13,,,,0.31,,,,0.63,,,,0.98,,,,0.87,,,,0.47,,,,0.4,,,,0.36,,,,0.4,,,,0.37,,,,0.45,,,,0.51,,,,0.71,,,,0.87,,,,1.18,,,,1.09,,,,1.18,,,,0.96,,,,0.63,,,,0.32,13.39
342464719,67190110861,2025.05.05,,,,0.19,,,,0.13,,,,0.14,,,,0.1,,,,0.14,,,,0.32,,,,0.67,,,,0.75,,,,0.69,,,,0.44,,,,0.4,,,,0.38,,,,0.39,,,,0.38,,,,0.47,,,,0.44,,,,0.58,,,,0.95,,,,1.41,,,,1.24,,,,0.99,,,,0.85,,,,0.55,,,,0.36,12.96
342464719,67190110861,2025.05.06,,,,0.19,,,,0.15,,,,0.12,,,,0.11,,,,0.13,,,,0.3,,,,0.74,,,,0.66,,,,0.93,,,,0.46,,,,0.45,,,,0.47,,,,0.38,,,,0.38,,,,0.37,,,,0.45,,,,0.54,,,,0.84,,,,1.14,,,,1.19,,,,1.2,,,,0.73,,,,0.57,,,,0.26,12.76
342464719,67190110861,2025.05.07,,,,0.14,,,,0.12,,,,0.13,,,,0.11,,,,0.13,,,,0.25,,,,0.63,,,,0.85,,,,0.78,,,,0.45,,,,0.48,,,,0.38,,,,0.46,,,,0.41,,,,0.42,,,,0.49,,,,0.66,,,,0.85,,,,1.06,,,,1.22,,,,0.92,,,,0.76,,,,0.53,,,,0.32,12.55
342464719,67190110861,2025.05.08,,,,0.18,,,,0.16,,,,0.12,,,,0.09,,,,0.14,,,,0.31,,,,0.61,,,,0.74,,,,0.66,,,,0.5,,,,0.46,,,,0.42,,,,0.45,,,,0.33,,,,0.45,,,,0.49,,,,0.52,,,,1.05,,,,1.17,,,,1.22,,,,1.13,,,,0.87,,,,0.52,,,,0.29,12.88
342464719,67190110861,2025.05.09,,,,0.18,,,,0.12,,,,0.13,,,,0.12,,,,0.15,,,,0.25,,,,0.74,,,,0.97,,,,0.85,,,,0.42,,,,0.38,,,,0.36,,,,0.42,,,,0.38,,,,0.46,,,,0.44,,,,0.55,,,,0.94,,,,1.28,,,,1.27,,,,1.05,,,,0.78,,,,0.57,,,,0.34,13.15
342464719,67190110861,2025.05.10,,,,0.17,,,,0.12,,,,0.11,,,,0.09,,,,0.14,,,,0.27,,,,0.63,,,,0.75,,,,0.81,,,,0.49,,,,0.44,,,,0.35,,,,0.35,,,,0.38,,,,0.37,,,,0.42,,,,0.5,,,,1.02,,,,1.23,,,,0.96,,,,0.86,,,,0.92,,,,0.51,,,,0.3,12.19
342464719,67190110861,2025.05.11,,,,0.18,,,,0.16,,,,0.13,,,,0.11,,,,0.14,,,,0.26,,,,0.8,,,,0.88,,,,0.76,,,,0.58,,,,0.52,,,,0.49,,,,0.47,,,,0.44,,,,0.42,,,,0.51,,,,0.68,,,,0.87,,,,1.1,,,,1.33,,,,0.98,,,,0.95,,,,0.48,,,,0.27,13.51
342464719,67190110861,2025.05.12,,,,0.17,,,,0.12,,,,0.13,,,,0.11,,,,0.12,,,,0.28,,,,0.71,,,,0.75,,,,0.82,,,,0.51,,,,0.42,,,,0.44,,,,0.36,,,,0.36,,,,0.39,,,,0.51,,,,0.69,,,,1.04,,,,1.2,,,,1.06,,,,1.08,,,,0.89,,,,0.64,,,,0.3,13.1
342464719,67190110861,2025.05.13,,,,0.14,,,,0.15,,,,0.14,,,,0.12,,,,0.15,,,,0.33,,,,0.69,,,,0.91,,,,0.93,,,,0.53,,,,0.41,,,,0.39,,,,0.42,,,,0.37,,,,0.46,,,,0.39,,,,0.51,,,,0.96,,,,1.1,,,,1.03,,,,0.98,,,,0.85,,,,0.48,,,,0.35,12.79
342464719,67190110861,2025.05.14,,,,0.15,,,,0.15,,,,0.12,,,,0.1,,,,0.12,,,,0.25,,,,0.69,,,,0.71,,,,0.79,,,,0.52,,,,0.42,,,,0.38,,,,0.46,,,,0.42,,,,0.37,,,,0.41,,,,0.68,,,,0.78,,,,1.28,,,,0.93,,,,1.11,,,,0.73,,,,0.59,,,,0.29,12.45
342464719,67190110861,2025.05.15,,,,0.17,,,,0.11,,,,0.11,,,,0.12,,,,0.15,,,,0.33,,,,0.64,,,,0.96,,,,0.76,,,,0.56,,,,0.51,,,,0.4,,,,0.43,,,,0.44,,,,0.4,,,,0.48,,,,0.52,,,,1.07,,,,1.1,,,,0.94,,,,0.96,,,,0.81,,,,0.59,,,,0.34,12.9
342464719,67190110861,2025.05.16,,,,0.17,,,,0.12,,,,0.12,,,,0.12,,,,0.13,,,,0.26,,,,0.67,,,,0.77,,,,0.83,,,,0.51,,,,0.47,,,,0.43,,,,0.35,,,,0.44,,,,0.42,,,,0.4,,,,0.64,,,,0.87,,,,1.33,,,,1.02,,,,1.08,,,,0.73,,,,0.52,,,,0.36,12.76
342464719,67190110861,2025.05.17,,,,0.17,,,,0.12,,,,0.11,,,,0.1,,,,0.15,,,,0.32,,,,0.75,,,,0.84,,,,0.85,,,,0.5,,,,0.36,,,,0.41,,,,0.46,,,,0.42,,,,0.41,,,,0.47,,,,0.64,,,,0.9,,,,1.12,,,,1.21,,,,1.07,,,,0.72,,,,0.51,,,,0.31,12.92
342464719,67190110861,2025.05.18,,,,0.16,,,,0.17,,,,0.12,,,,0.13,,,,0.12,,,,0.3,,,,0.61,,,,0.94,,,,0.83,,,,0.55,,,,0.4,,,,0.39,,,,0.35,,,,0.38,,,,0.45,,,,0.47,,,,0.62,,,,0.97,,,,1.19,,,,1.06,,,,0.98,,,,0.97,,,,0.58,,,,0.31,13.05
342464719,67190110861,2025.05.19,,,,0.16,,,,0.15,,,,0.14,,,,0.12,,,,0.14,,,,0.29,,,,0.84,,,,0.91,,,,0.79,,,,0.58,,,,0.5,,,,0.41,,,,0.41,,,,0.37,,,,0.39,,,,0.49,,,,0.52,,,,1.03,,,,1.46,,,,0.99,,,,0.97,,,,0.86,,,,0.6,,,,0.35,13.47
342464719,67190110861,2025.05.20,,,,0.16,,,,0.14,,,,0.12,,,,0.12,,,,0.13,,,,0.32,,,,0.66,,,,0.96,,,,0.78,,,,0.46,,,,0.44,,,,0.38,,,,0.38,,,,0.35,,,,0.37,,,,0.41,,,,0.62,,,,0.97,,,,1.0,,,,1.19,,,,1.06,,,,0.87,,,,0.53,,,,0.28,12.7
342464719,67190110861,2025.05.21,,,,0.17,,,,0.14,,,,0.1,,,,0.09,,,,0.11,,,,0.28,,,,0.69,,,,0.84,,,,0.68,,,,0.58,,,,0.43,,,,0.39,,,,0.36,,,,0.33,,,,0.39,,,,0.4,,,,0.59,,,,0.93,,,,1.26,,,,0.99,,,,0.95,,,,0.83,,,,0.59,,,,0.33,12.45
342464719,67190110861,2025.05.22,,,,0.17,,,,0.12,,,,0.11,,,,0.12,,,,0.12,,,,0.34,,,,0.71,,,,0.85,,,,0.71,,,,0.55,,,,0.43,,,,0.36,,,,0.38,,,,0.44,,,,0.4,,,,0.45,,,,0.5,,,,0.99,,,,1.19,,,,1.09,,,,1.02,,,,0.8,,,,0.53,,,,0.29,12.67
342464719,67190110861,2025.05.23,,,,0.19,,,,0.14,,,,0.11,,,,0.11,,,,0.15,,,,0.26,,,,0.63,,,,0.9,,,,0.72,,,,0.55,,,,0.39,,,,0.44,,,,0.35,,,,0.33,,,,0.44,,,,0.45,,,,0.6,,,,0.82,,,,1.18,,,,1.07,,,,1.15,,,,0.96,,,,0.52,,,,0.3,12.76
342464719,67190110861,2025.05.24,,,,0.17,,,,0.15,,,,0.1,,,,0.1,,,,0.12,,,,0.24,,,,0.57,,,,0.81,,,,0.88,,,,0.49,,,,0.43,,,,0.36,,,,0.39,,,,0.36,,,,0.44,,,,0.5,,,,0.52,,,,0.8,,,,1.16,,,,1.23,,,,1.08,,,,0.9,,,,0.49,,,,0.33,12.62
342464719,67190110861,2025.05.25,,,,0.15,,,,0.13,,,,0.14,,,,0.13,,,,0.12,,,,0.27,,,,0.62,,,,0.76,,,,0.76,,,,0.6,,,,0.49,,,,0.45,,,,0.46,,,,0.41,,,,0.47,,,,0.46,,,,0.58,,,,0.97,,,,1.32,,,,1.25,,,,1.21,,,,0.82,,,,0.58,,,,0.3,13.45
342464719,67190110861,2025.05.26,,,,0.19,,,,0.14,,,,0.11,,,,0.11,,,,0.15,,,,0.26,,,,0.8,,,,0.78,,,,0.88,,,,0.55,,,,0.46,,,,0.42,,,,0.45,,,,0.41,,,,0.45,,,,0.45,,,,0.59,,,,1.05,,,,1.12,,,,1.12,,,,1.0,,,,0.94,,,,0.61,,,,0.33,13.37
342464719,67190110861,2025.05.27,,,,0.15,,,,0.12,,,,0.11,,,,0.1,,,,0.16,,,,0.29,,,,0.64,,,,0.91,,,,0.81,,,,0.53,,,,0.38,,,,0.42,,,,0.47,,,,0.4,,,,0.38,,,,0.46,,,,0.67,,,,0.85,,,,1.18,,,,1.23,,,,0.88,,,,0.84,,,,0.54,,,,0.32,12.84
342464719,67190110861,2025.05.28,,,,0.16,,,,0.13,,,,0.12,,,,0.11,,,,0.13,,,,0.27,,,,0.58,,,,0.95,,,,0.77,,,,0.57,,,,0.4,,,,0.42,,,,0.36,,,,0.41,,,,0.45,,,,0.38,,,,0.62,,,,0.79,,,,1.27,,,,1.21,,,,1.14,,,,0.92,,,,0.52,,,,0.26,12.94
342464719,67190110861,2025.05.29,,,,0.15,,,,0.14,,,,0.13,,,,0.1,,,,0.14,,,,0.29,,,,0.64,,,,0.87,,,,0.77,,,,0.54,,,,0.39,,,,0.45,,,,0.35,,,,0.35,,,,0.43,,,,0.49,,,,0.55,,,,0.84,,,,1.18,,,,0.95,,,,1.04,,,,0.84,,,,0.46,,,,0.31,12.4
342464719,67190110861,2025.05.30,,,,0.18,,,,0.13,,,,0.12,,,,0.09,,,,0.14,,,,0.26,,,,0.71,,,,0.8,,,,0.75,,,,0.54,,,,0.39,,,,0.42,,,,0.37,,,,0.37,,,,0.46,,,,0.47,,,,0.52,,,,0.92,,,,1.15,,,,1.32,,,,0.94,,,,0.83,,,,0.53,,,,0.31,12.72
342464719,67190110861,2025.05.31,,,,0.16,,,,0.13,,,,0.14,,,,0.11,,,,0.16,,,,0.26,,,,0.7,,,,0.88,,,,0.84,,,,0.58,,,,0.47,,,,0.37,,,,0.38,,,,0.34,,,,0.44,,,,0.41,,,,0.66,,,,0.99,,,,1.14,,,,0.98,,,,1.17,,,,0.7,,,,0.49,,,,0.29,12.79
342464719,67190110861,2025.06.01,,,,0.27,,,,0.24,,,,0.18,,,,0.17,,,,0.19,,,,0.51,,,,0.92,,,,1.04,,,,1.06,,,,0.8,,,,0.73,,,,0.57,,,,0.67,,,,0.56,,,,0.58,,,,0.65,,,,0.89,,,,1.41,,,,1.81,,,,1.64,,,,1.42,,,,1.23,,,,0.9,,,,0.4,18.84
342464719,67190110861,2025.06.02,,,,0.28,,,,0.2,,,,0.16,,,,0.19,,,,0.2,,,,0.41,,,,0.97,,,,1.17,,,,1.34,,,,0.81,,,,0.75,,,,0.59,,,,0.51,,,,0.5,,,,0.59,,,,0.74,,,,0.93,,,,1.27,,,,1.96,,,,1.79,,,,1.28,,,,1.33,,,,0.75,,,,0.4,19.12
342464719,67190110861,2025.06.03,,,,0.22,,,,0.2,,,,0.16,,,,0.14,,,,0.16,,,,0.42,,,,1.11,,,,1.33,,,,1.06,,,,0.67,,,,0.56,,,,0.52,,,,0.59,,,,0.55,,,,0.63,,,,0.65,,,,0.79,,,,1.26,,,,1.87,,,,1.49,,,,1.27,,,,1.11,,,,0.7,,,,0.37,17.83
342464719,67190110861,2025.06.04,,,,0.25,,,,0.23,,,,0.15,,,,0.14,,,,0.21,,,,0.39,,,,0.95,,,,1.0,,,,0.99,,,,0.76,,,,0.68,,,,0.53,,,,0.53,,,,0.5,,,,0.5,,,,0.72,,,,0.88,,,,1.34,,,,1.85,,,,1.73,,,,1.58,,,,1.01,,,,0.64,,,,0.47,18.03
342464719,67190110861,2025.06.05,,,,0.23,,,,0.22,,,,0.17,,,,0.17,,,,0.18,,,,0.46,,,,0.95,,,,1.35,,,,0.99,,,,0.64,,,,0.68,,,,0.55,,,,0.56,,,,0.64,,,,0.57,,,,0.67,,,,0.7,,,,1.45,,,,1.72,,,,1.48,,,,1.18,,,,1.12,,,,0.64,,,,0.39,17.71
342464719,67190110861,2025.06.06,,,,0.25,,,,0.17,,,,0.15,,,,0.17,,,,0.17,,,,0.4,,,,0.85,,,,1.23,,,,1.27,,,,0.77,,,,0.59,,,,0.52,,,,0.49,,,,0.55,,,,0.68,,,,0.57,,,,0.71,,,,1.12,,,,1.73,,,,1.64,,,,1.55,,,,1.27,,,,0.75,,,,0.4,18.0
342464719,67190110861,2025.06.07,,,,0.22,,,,0.22,,,,0.18,,,,0.15,,,,0.2,,,,0.42,,,,1.09,,,,1.25,,,,1.24,,,,0.66,,,,0.64,,,,0.67,,,,0.5,,,,0.58,,,,0.63,,,,0.53,,,,0.87,,,,1.19,,,,1.86,,,,1.69,,,,1.24,,,,1.0,,,,0.75,,,,0.41,18.19
342464719,67190110861,2025.06.08,,,,0.21,,,,0.21,,,,0.18,,,,0.14,,,,0.21,,,,0.44,,,,1.07,,,,1.29,,,,1.16,,,,0.69,,,,0.6,,,,0.64,,,,0.71,,,,0.59,,,,0.69,,,,0.7,,,,0.85,,,,1.36,,,,1.51,,,,1.38,,,,1.5,,,,1.21,,,,0.77,,,,0.5,18.61
342464719,67190110861,2025.06.09,,,,0.22,,,,0.21,,,,0.17,,,,0.15,,,,0.22,,,,0.43,,,,1.08,,,,1.35,,,,1.35,,,,0.83,,,,0.62,,,,0.53,,,,0.54,,,,0.54,,,,0.7,,,,0.73,,,,0.76,,,,1.21,,,,1.79,,,,1.7,,,,1.52,,,,1.36,,,,0.9,,,,0.4,19.31
342464719,67190110861,2025.06.10,,,,0.21,,,,0.19,,,,0.15,,,,0.17,,,,0.2,,,,0.44,,,,0.97,,,,1.01,,,,0.98,,,,0.69,,,,0.67,,,,0.52,,,,0.6,,,,0.58,,,,0.58,,,,0.69,,,,0.83,,,,1.36,,,,1.87,,,,1.83,,,,1.34,,,,1.14,,,,0.65,,,,0.41,18.08
342464719,67190110861,2025.06.11,,,,0.25,,,,0.22,,,,0.16,,,,0.15,,,,0.19,,,,0.39,,,,0.92,,,,1.11,,,,1.21,,,,0.62,,,,0.66,,,,0.64,,,,0.51,,,,0.57,,,,0.61,,,,0.67,,,,0.82,,,,1.21,,,,1.9,,,,1.66,,,,1.34,,,,0.99,,,,0.69,,,,0.37,17.86
342464719,67190110861,2025.06.12,,,,0.24,,,,0.18,,,,0.16,,,,0.16,,,,0.18,,,,0.44,,,,1.02,,,,1.18,,,,1.2,,,,0.77,,,,0.62,,,,0.51,,,,0.59,,,,0.6,,,,0.6,,,,0.58,,,,0.85,,,,1.22,,,,1.69,,,,1.65,,,,1.5,,,,1.29,,,,0.79,,,,0.45,18.47
342464719,67190110861,2025.06.13,,,,0.2,,,,0.22,,,,0.19,,,,0.13,,,,0.19,,,,0.41,,,,1.06,,,,1.26,,,,0.95,,,,0.81,,,,0.57,,,,0.66,,,,0.56,,,,0.56,,,,0.51,,,,0.59,,,,0.83,,,,1.35,,,,1.56,,,,1.4,,,,1.19,,,,1.17,,,,0.76,,,,0.4,17.53
342464719,67190110861,2025.06.14,,,,0.24,,,,0.17,,,,0.18,,,,0.16,,,,0.2,,,,0.47,,,,1.13,,,,1.25,,,,1.14,,,,0.69,,,,0.57,,,,0.57,,,,0.58,,,,0.51,,,,0.53,,,,0.64,,,,0.74,,,,1.37,,,,1.95,,,,1.71,,,,1.48,,,,1.12,,,,0.73,,,,0.41,18.54
342464719,67190110861,2025.06.15,,,,0.27,,,,0.2,,,,0.15,,,,0.17,,,,0.18,,,,0.43,,,,0.84,,,,1.12,,,,1.1,,,,0.66,,,,0.7,,,,0.67,,,,0.57,,,,0.64,,,,0.59,,,,0.63,,,,0.85,,,,1.35,,,,1.82,,,,1.76,,,,1.55,,,,1.17,,,,0.8,,,,0.51,18.73
342464719,67190110861,2025.06.16,,,,0.23,,,,0.2,,,,0.18,,,,0.17,,,,0.19,,,,0.41,,,,1.0,,,,1.27,,,,1.04,,,,0.83,,,,0.72,,,,0.61,,,,0.66,,,,0.66,,,,0.54,,,,0.63,,,,0.91,,,,1.46,,,,1.6,,,,1.76,,,,1.44,,,,1.15,,,,0.78,,,,0.41,18.85
342464719,67190110861,2025.06.17,,,,0.25,,,,0.22,,,,0.16,,,,0.17,,,,0.2,,,,0.38,,,,1.03,,,,1.16,,,,1.15,,,,0.62,,,,0.62,,,,0.51,,,,0.63,,,,0.57,,,,0.52,,,,0.57,,,,0.83,,,,1.31,,,,1.5,,,,1.63,,,,1.39,,,,1.01,,,,0.61,,,,0.39,17.43
342464719,67190110861,2025.06.18,,,,0.25,,,,0.22,,,,0.16,,,,0.16,,,,0.17,,,,0.42,,,,0.88,,,,1.2,,,,1.29,,,,0.65,,,,0.66,,,,0.49,,,,0.55,,,,0.52,,,,0.57,,,,0.54,,,,0.8,,,,1.25,,,,1.53,,,,1.65,,,,1.54,,,,1.01,,,,0.67,,,,0.42,17.6
342464719,67190110861,2025.06.19,,,,0.26,,,,0.21,,,,0.16,,,,0.13,,,,0.19,,,,0.39,,,,1.08,,,,1.36,,,,0.95,,,,0.71,,,,0.54,,,,0.56,,,,0.62,,,,0.54,,,,0.56,,,,0.57,,,,0.9,,,,1.33,,,,1.61,,,,1.37,,,,1.36,,,,1.36,,,,0.74,,,,0.45,17.95
342464719,67190110861,2025.06.20,,,,0.23,,,,0.22,,,,0.16,,,,0.14,,,,0.2,,,,0.42,,,,0.94,,,,1.35,,,,1.07,,,,0.64,,,,0.74,,,,0.57,,,,0.56,,,,0.57,,,,0.6,,,,0.57,,,,0.93,,,,1.44,,,,1.65,,,,1.55,,,,1.26,,,,1.0,,,,0.72,,,,0.41,17.94
342464719,67190110861,2025.06.21,,,,0.27,,,,0.21,,,,0.17,,,,0.14,,,,0.18,,,,0.47,,,,0.97,,,,1.02,,,,1.09,,,,0.81,,,,0.7,,,,0.52,,,,0.64,,,,0.48,,,,0.53,,,,0.68,,,,0.92,,,,1.29,,,,1.74,,,,1.74,,,,1.53,,,,1.22,,,,0.74,,,,0.48,18.54
342464719,67190110861,2025.06.22,,,,0.3,,,,0.18,,,,0.19,,,,0.16,,,,0.2,,,,0.45,,,,0.9,,,,1.26,,,,1.28,,,,0.72,,,,0.64,,,,0.71,,,,0.6,,,,0.56,,,,0.62,,,,0.68,,,,0.93,,,,1.43,,,,1.71,,,,1.74,,,,1.51,,,,1.15,,,,0.79,,,,0.49,19.2
342464719,67190110861,2025.06.23,,,,0.25,,,,0.18,,,,0.16,,,,0.15,,,,0.18,,,,0.46,,,,0.82,,,,1.38,,,,1.05,,,,0.75,,,,0.68,,,,0.58,,,,0.69,,,,0.48,,,,0.6,,,,0.69,,,,0.9,,,,1.31,,,,1.83,,,,1.74,,,,1.63,,,,1.39,,,,0.74,,,,0.52,19.16
342464719,67190110861,2025.06.24,,,,0.21,,,,0.17,,,,0.19,,,,0.14,,,,0.17,,,,0.37,,,,0.93,,,,1.32,,,,1.13,,,,0.65,,,,0.64,,,,0.67,,,,0.59,,,,0.52,,,,0.66,,,,0.66,,,,0.77,,,,1.08,,,,1.6,,,,1.69,,,,1.34,,,,1.17,,,,0.64,,,,0.48,17.79
342464719,67190110861,2025.06.25,,,,0.22,,,,0.23,,,,0.18,,,,0.13,,,,0.2,,,,0.37,,,,1.14,,,,1.19,,,,1.02,,,,0.56,,,,0.58,,,,0.64,,,,0.58,,,,0.6,,,,0.55,,,,0.53,,,,0.97,,,,1.06,,,,1.9,,,,1.43,,,,1.27,,,,1.25,,,,0.83,,,,0.5,17.93
342464719,67190110861,2025.06.26,,,,0.21,,,,0.18,,,,0.18,,,,0.17,,,,0.21,,,,0.35,,,,1.15,,,,1.23,,,,1.21,,,,0.75,,,,0.61,,,,0.67,,,,0.58,,,,0.59,,,,0.69,,,,0.63,,,,0.88,,,,1.07,,,,1.54,,,,1.4,,,,1.28,,,,1.02,,,,0.69,,,,0.42,17.71
342464719,67190110861,2025.06.27,,,,0.24,,,,0.17,,,,0.14,,,,0.17,,,,0.2,,,,0.38,,,,1.04,,,,1.35,,,,1.09,,,,0.73,,,,0.7,,,,0.66,,,,0.56,,,,0.56,,,,0.53,,,,0.67,,,,0.94,,,,1.28,,,,1.97,,,,1.51,,,,1.74,,,,1.16,,,,0.66,,,,0.45,18.9
342464719,67190110861,2025.06.28,,,,0.2,,,,0.17,,,,0.18,,,,0.14,,,,0.21,,,,0.4,,,,0.88,,,,1.31,,,,1.05,,,,0.71,,,,0.62,,,,0.58,,,,0.64,,,,0.58,,,,0.54,,,,0.67,,,,0.78,,,,1.36,,,,1.87,,,,1.56,,,,1.52,,,,1.17,,,,0.81,,,,0.49,18.44
342464719,67190110861,2025.06.29,,,,0.22,,,,0.18,,,,0.16,,,,0.17,,,,0.18,,,,0.38,,,,0.97,,,,1.44,,,,1.28,,,,0.71,,,,0.59,,,,0.6,,,,0.54,,,,0.49,,,,0.69,,,,0.75,,,,0.78,,,,1.2,,,,1.57,,,,1.56,,,,1.37,,,,1.19,,,,0.69,,,,0.51,18.22
342464719,67190110861,2025.06.30,,,,0.27,,,,0.21,,,,0.17,,,,0.18,,,,0.23,,,,0.39,,,,0.93,,,,1.21,,,,1.07,,,,0.72,,,,0.67,,,,0.66,,,,0.58,,,,0.57,,,,0.67,,,,0.62,,,,0.92,,,,1.2,,,,1.52,,,,1.64,,,,1.36,,,,1.05,,,,0.69,,,,0.45,17.98
342464719,67190110861,2025.07.01,,,,0.25,,,,0.19,,,,0.17,,,,0.14,,,,0.19,,,,0.38,,,,1.04,,,,1.4,,,,1.3,,,,0.61,,,,0.7,,,,0.53,,,,0.63,,,,0.52,,,,0.61,,,,0.56,,,,0.78,,,,1.4,,,,1.86,,,,1.64,,,,1.48,,,,1.35,,,,0.69,,,,0.37,18.79
342464719,67190110861,2025.07.02,,,,0.2,,,,0.19,,,,0.15,,,,0.13,,,,0.18,,,,0.36,,,,1.06,,,,1.05,,,,1.14,,,,0.7,,,,0.6,,,,0.53,,,,0.56,,,,0.51,,,,0.55,,,,0.55,,,,0.82,,,,1.4,,,,1.7,,,,1.54,,,,1.3,,,,1.25,,,,0.65,,,,0.47,17.59
342464719,67190110861,2025.07.03,,,,0.26,,,,0.18,,,,0.17,,,,0.16,,,,0.17,,,,0.36,,,,0.84,,,,1.12,,,,1.11,,,,0.75,,,,0.6,,,,0.66,,,,0.66,,,,0.63,,,,0.65,,,,0.61,,,,0.73,,,,1.28,,,,1.71,,,,1.67,,,,1.54,,,,1.12,,,,0.74,,,,0.42,18.14
342464719,67190110861,2025.07.04,,,,0.2,,,,0.2,,,,0.16,,,,0.18,,,,0.19,,,,0.45,,,,1.04,,,,1.33,,,,0.96,,,,0.8,,,,0.66,,,,0.55,,,,0.52,,,,0.6,,,,0.5,,,,0.63,,,,0.8,,,,1.33,,,,1.85,,,,1.51,,,,1.47,,,,1.3,,,,0.83,,,,0.5,18.56
342464719,67190110861,2025.07.05,,,,0.23,,,,0.19,,,,0.16,,,,0.16,,,,0.17,,,,0.38,,,,0.84,,,,1.12,,,,1.3,,,,0.62,,,,0.66,,,,0.65,,,,0.56,,,,0.57,,,,0.66,,,,0.76,,,,0.78,,,,1.1,,,,1.52,,,,1.6,,,,1.48,,,,1.26,,,,0.74,,,,0.41,17.92
342464719,67190110861,2025.07.06,,,,0.27,,,,0.21,,,,0.18,,,,0.16,,,,0.19,,,,0.42,,,,0.97,,,,1.21,,,,1.01,,,,0.72,,,,0.58,,,,0.57,,,,0.67,,,,0.54,,,,0.64,,,,0.71,,,,0.89,,,,1.52,,,,1.46,,,,1.66,,,,1.67,,,,1.33,,,,0.71,,,,0.46,18.75
342464719,67190110861,2025.07.07,,,,0.22,,,,0.22,,,,0.19,,,,0.14,,,,0.21,,,,0.48,,,,0.97,,,,1.44,,,,1.3,,,,0.63,,,,0.66,,,,0.58,,,,0.63,,,,0.64,,,,0.7,,,,0.64,,,,0.87,,,,1.27,,,,1.8,,,,1.41,,,,1.45,,,,1.02,,,,0.69,,,,0.47,18.63
342464719,67190110861,2025.07.08,,,,0.27,,,,0.21,,,,0.16,,,,0.13,,,,0.2,,,,0.38,,,,0.98,,,,1.34,,,,1.2,,,,0.72,,,,0.64,,,,0.67,,,,0.59,,,,0.56,,,,0.58,,,,0.6,,,,0.73,,,,1.34,,,,1.66,,,,1.41,,,,1.32,,,,1.14,,,,0.87,,,,0.45,18.15
342464719,67190110861,2025.07.09,,,,0.25,,,,0.18,,,,0.17,,,,0.15,,,,0.2,,,,0.37,,,,0.94,,,,1.08,,,,1.04,,,,0.8,,,,0.56,,,,0.57,,,,0.6,,,,0.61,,,,0.58,,,,0.66,,,,0.96,,,,1.26,,,,1.63,,,,1.51,,,,1.51,,,,0.99,,,,0.68,,,,0.49,17.79
342464719,67190110861,2025.07.10,,,,0.24,,,,0.2,,,,0.16,,,,0.13,,,,0.19,,,,0.39,,,,1.08,,,,1.09,,,,1.28,,,,0.75,,,,0.53,,,,0.61,,,,0.5,,,,0.65,,,,0.68,,,,0.58,,,,0.8,,,,1.2,,,,1.66,,,,1.49,,,,1.31,,,,1.17,,,,0.65,,,,0.5,17.84
342464719,67190110861,2025.07.11,,,,0.26,,,,0.2,,,,0.18,,,,0.14,,,,0.18,,,,0.44,,,,0.92,,,,1.22,,,,1.28,,,,0.85,,,,0.66,,,,0.63,,,,0.53,,,,0.49,,,,0.61,,,,0.64,,,,0.87,,,,1.23,,,,1.67,,,,1.38,,,,1.47,,,,1.04,,,,0.65,,,,0.43,17.97
342464719,67190110861,2025.07.12,,,,0.22,,,,0.22,,,,0.14,,,,0.14,,,,0.2,,,,0.4,,,,0.83,,,,0.99,,,,1.35,,,,0.69,,,,0.63,,,,0.58,,,,0.55,,,,0.54,,,,0.62,,,,0.7,,,,0.72,,,,1.36,,,,1.48,,,,1.39,,,,1.17,,,,1.01,,,,0.87,,,,0.46,17.26
342464719,67190110861,2025.07.13,,,,0.22,,,,0.25,,,,0.19,,,,0.17,,,,0.24,,,,0.4,,,,1.07,,,,1.39,,,,1.29,,,,0.8,,,,0.64,,,,0.64,,,,0.59,,,,0.54,,,,0.54,,,,0.76,,,,0.8,,,,1.35,,,,1.69,,,,1.86,,,,1.4,,,,1.31,,,,0.89,,,,0.44,19.47
342464719,67190110861,2025.07.14,,,,0.24,,,,0.22,,,,0.21,,,,0.16,,,,0.19,,,,0.49,,,,1.0,,,,1.28,,,,1.24,,,,0.65,,,,0.73,,,,0.63,,,,0.69,,,,0.5,,,,0.61,,,,0.75,,,,0.78,,,,1.22,,,,1.99,,,,1.46,,,,1.76,,,,1.12,,,,0.77,,,,0.49,19.18
342464719,67190110861,2025.07.15,,,,0.27,,,,0.2,,,,0.16,,,,0.17,,,,0.18,,,,0.43,,,,0.89,,,,1.12,,,,1.02,,,,0.64,,,,0.61,,,,0.47,,,,0.52,,,,0.62,,,,0.59,,,,0.65,,,,0.83,,,,1.08,,,,1.79,,,,1.35,,,,1.55,,,,1.39,,,,0.74,,,,0.47,17.74
342464719,67190110861,2025.07.16,,,,0.23,,,,0.2,,,,0.18,,,,0.14,,,,0.18,,,,0.4,,,,0.98,,,,1.15,,,,1.27,,,,0.64,,,,0.57,,,,0.64,,,,0.55,,,,0.54,,,,0.53,,,,0.56,,,,0.7,,,,1.47,,,,1.66,,,,1.67,,,,1.35,,,,1.15,,,,0.73,,,,0.5,17.99
342464719,67190110861,2025.07.17,,,,0.26,,,,0.21,,,,0.15,,,,0.15,,,,0.18,,,,0.48,,,,0.94,,,,1.09,,,,1.09,,,,0.67,,,,0.59,,,,0.65,,,,0.58,,,,0.6,,,,0.64,,,,0.59,,,,0.84,,,,1.09,,,,1.86,,,,1.44,,,,1.37,,,,1.07,,,,0.74,,,,0.41,17.69
342464719,67190110861,2025.07.18,,,,0.24,,,,0.22,,,,0.17,,,,0.14,,,,0.2,,,,0.46,,,,0.9,,,,1.33,,,,1.01,,,,0.76,,,,0.68,,,,0.58,,,,0.6,,,,0.47,,,,0.57,,,,0.64,,,,0.92,,,,1.11,,,,1.79,,,,1.46,,,,1.27,,,,1.21,,,,0.65,,,,0.46,17.84
342464719,67190110861,2025.07.19,,,,0.21,,,,0.19,,,,0.17,,,,0.17,,,,0.2,,,,0.41,,,,0.89,,,,1.16,,,,1.2,,,,0.8,,,,0.59,,,,0.49,,,,0.64,,,,0.59,,,,0.56,,,,0.66,,,,0.83,,,,1.29,,,,1.97,,,,1.64,,,,1.34,,,,1.03,,,,0.7,,,,0.47,18.2
342464719,67190110861,2025.07.20,,,,0.22,,,,0.18,,,,0.2,,,,0.15,,,,0.17,,,,0.4,,,,0.92,,,,1.25,,,,1.34,,,,0.82,,,,0.64,,,,0.6,,,,0.62,,,,0.56,,,,0.53,,,,0.73,,,,0.79,,,,1.28,,,,1.72,,,,1.62,,,,1.24,,,,1.06,,,,0.77,,,,0.49,18.3
342464719,67190110861,2025.07.21,,,,0.22,,,,0.21,,,,0.18,,,,0.18,,,,0.18,,,,0.38,,,,1.1,,,,1.39,,,,1.1,,,,0.72,,,,0.54,,,,0.54,,,,0.6,,,,0.56,,,,0.68,,,,0.69,,,,0.85,,,,1.27,,,,1.78,,,,1.39,,,,1.66,,,,1.39,,,,0.72,,,,0.41,18.74
342464719,67190110861,2025.07.22,,,,0.2,,,,0.21,,,,0.17,,,,0.17,,,,0.21,,,,0.41,,,,0.96,,,,1.26,,,,1.14,,,,0.75,,,,0.63,,,,0.6,,,,0.58,,,,0.56,,,,0.61,,,,0.7,,,,0.85,,,,1.4,,,,1.75,,,,1.38,,,,1.2,,,,1.21,,,,0.7,,,,0.5,18.15
342464719,67190110861,2025.07.23,,,,0.23,,,,0.19,,,,0.15,,,,0.13,,,,0.21,,,,0.38,,,,1.0,,,,1.24,,,,1.13,,,,0.78,,,,0.58,,,,0.54,,,,0.61,,,,0.65,,,,0.55,,,,0.56,,,,0.74,,,,1.2,,,,1.92,,,,1.64,,,,1.4,,,,1.18,,,,0.73,,,,0.4,18.14
342464719,67190110861,2025.07.24,,,,0.27,,,,0.23,,,,0.18,,,,0.15,,,,0.21,,,,0.37,,,,1.0,,,,1.36,,,,1.07,,,,0.79,,,,0.62,,,,0.49,,,,0.61,,,,0.5,,,,0.59,,,,0.57,,,,0.96,,,,1.15,,,,1.59,,,,1.34,,,,1.65,,,,1.24,,,,0.8,,,,0.43,18.17
342464719,67190110861,2025.07.25,,,,0.25,,,,0.17,,,,0.17,,,,0.14,,,,0.22,,,,0.45,,,,0.98,,,,1.06,,,,1.22,,,,0.63,,,,0.6,,,,0.54,,,,0.59,,,,0.61,,,,0.55,,,,0.55,,,,0.83,,,,1.33,,,,1.62,,,,1.42,,,,1.6,,,,1.28,,,,0.85,,,,0.49,18.15
342464719,67190110861,2025.07.26,,,,0.22,,,,0.18,,,,0.15,,,,0.14,,,,0.22,,,,0.46,,,,1.04,,,,1.04,,,,1.3,,,,0.74,,,,0.56,,,,0.64,,,,0.56,,,,0.48,,,,0.62,,,,0.65,,,,0.69,,,,1.21,,,,1.99,,,,1.61,,,,1.52,,,,1.06,,,,0.64,,,,0.43,18.15
342464719,67190110861,2025.07.27,,,,0.23,,,,0.18,,,,0.15,,,,0.15,,,,0.2,,,,0.49,,,,0.91,,,,1.25,,,,1.01,,,,0.69,,,,0.58,,,,0.7,,,,0.67,,,,0.57,,,,0.56,,,,0.66,,,,0.92,,,,1.21,,,,1.8,,,,1.77,,,,1.62,,,,1.27,,,,0.84,,,,0.5,18.93
342464719,67190110861,2025.07.28,,,,0.25,,,,0.2,,,,0.19,,,,0.18,,,,0.23,,,,0.36,,,,0.94,,,,1.18,,,,1.08,,,,0.67,,,,0.73,,,,0.54,,,,0.66,,,,0.61,,,,0.57,,,,0.6,,,,0.95,,,,1.39,,,,2.0,,,,1.81,,,,1.57,,,,1.27,,,,0.89,,,,0.49,19.36
342464719,67190110861,2025.07.29,,,,0.25,,,,0.18,,,,0.18,,,,0.15,,,,0.2,,,,0.38,,,,0.93,,,,1.16,,,,1.02,,,,0.65,,,,0.67,,,,0.5,,,,0.54,,,,0.49,,,,0.62,,,,0.54,,,,0.78,,,,1.21,,,,1.68,,,,1.31,,,,1.21,,,,1.09,,,,0.84,,,,0.43,17.01
342464719,67190110861,2025.07.30,,,,0.24,,,,0.17,,,,0.17,,,,0.13,,,,0.18,,,,0.4,,,,0.91,,,,1.1,,,,1.17,,,,0.84,,,,0.65,,,,0.63,,,,0.62,,,,0.61,,,,0.59,,,,0.66,,,,0.73,,,,1.26,,,,1.53,,,,1.39,,,,1.35,,,,1.04,,,,0.8,,,,0.41,17.58
342464719,67190110861,2025.07.31,,,,0.25,,,,0.18,,,,0.15,,,,0.16,,,,0.23,,,,0.37,,,,0.91,,,,1.29,,,,0.99,,,,0.81,,,,0.67,,,,0.55,,,,0.53,,,,0.52,,,,0.55,,,,0.69,,,,0.92,,,,1.36,,,,1.8,,,,1.48,,,,1.44,,,,1.16,,,,0.79,,,,0.41,18.21
342464719,67190110861,2025.08.01,,,,0.24,,,,0.22,,,,0.15,,,,0.13,,,,0.21,,,,0.41,,,,1.0,,,,1.38,,,,1.1,,,,0.68,,,,0.65,,,,0.49,,,,0.53,,,,0.62,,,,0.6,,,,0.54,,,,0.73,,,,1.35,,,,1.93,,,,1.79,,,,1.27,,,,1.27,,,,0.78,,,,0.45,18.52
342464719,67190110861,2025.08.02,,,,0.25,,,,0.17,,,,0.19,,,,0.13,,,,0.17,,,,0.42,,,,0.96,,,,1.27,,,,1.13,,,,0.71,,,,0.69,,,,0.49,,,,0.62,,,,0.52,,,,0.62,,,,0.56,,,,0.85,,,,1.41,,,,1.62,,,,1.65,,,,1.57,,,,1.21,,,,0.87,,,,0.45,18.53
342464719,67190110861,2025.08.03,,,,0.23,,,,0.18,,,,0.17,,,,0.15,,,,0.21,,,,0.39,,,,0.91,,,,1.09,,,,1.31,,,,0.75,,,,0.64,,,,0.73,,,,0.52,,,,0.6,,,,0.64,,,,0.61,,,,0.92,,,,1.46,,,,1.68,,,,1.8,,,,1.32,,,,1.15,,,,0.69,,,,0.41,18.56
342464719,67190110861,2025.08.04,,,,0.23,,,,0.24,,,,0.15,,,,0.16,,,,0.19,,,,0.48,,,,1.15,,,,1.32,,,,1.37,,,,0.82,,,,0.74,,,,0.69,,,,0.53,,,,0.57,,,,0.63,,,,0.63,,,,0.81,,,,1.42,,,,1.93,,,,1.49,,,,1.59,,,,1.26,,,,0.88,,,,0.55,19.83
342464719,67190110861,2025.08.05,,,,0.26,,,,0.2,,,,0.15,,,,0.15,,,,0.21,,,,0.45,,,,1.01,,,,1.05,,,,1.19,,,,0.67,,,,0.51,,,,0.56,,,,0.51,,,,0.61,,,,0.55,,,,0.58,,,,0.95,,,,1.24,,,,1.45,,,,1.49,,,,1.2,,,,1.05,,,,0.67,,,,0.47,17.18
342464719,67190110861,2025.08.06,,,,0.23,,,,0.19,,,,0.18,,,,0.15,,,,0.22,,,,0.43,,,,0.94,,,,1.29,,,,0.98,,,,0.62,,,,0.67,,,,0.58,,,,0.61,,,,0.64,,,,0.58,,,,0.61,,,,0.84,,,,1.46,,,,1.85,,,,1.71,,,,1.31,,,,1.23,,,,0.7,,,,0.39,18.41
342464719,67190110861,2025.08.07,,,,0.27,,,,0.17,,,,0.19,,,,0.14,,,,0.22,,,,0.38,,,,0.92,,,,1.0,,,,1.1,,,,0.71,,,,0.67,,,,0.47,,,,0.47,,,,0.48,,,,0.57,,,,0.68,,,,0.89,,,,1.21,,,,1.78,,,,1.64,,,,1.22,,,,1.14,,,,0.76,,,,0.38,17.46
342464719,67190110861,2025.08.08,,,,0.2,,,,0.18,,,,0.17,,,,0.13,,,,0.18,,,,0.38,,,,0.81,,,,1.02,,,,1.25,,,,0.6,,,,0.65,,,,0.52,,,,0.59,,,,0.56,,,,0.52,,,,0.67,,,,0.83,,,,1.37,,,,1.66,,,,1.82,,,,1.51,,,,1.39,,,,0.77,,,,0.44,18.22
342464719,67190110861,2025.08.09,,,,0.26,,,,0.23,,,,0.19,,,,0.14,,,,0.2,,,,0.38,,,,0.99,,,,1.06,,,,1.07,,,,0.77,,,,0.54,,,,0.6,,,,0.59,,,,0.49,,,,0.57,,,,0.65,,,,0.73,,,,1.39,,,,1.84,,,,1.37,,,,1.28,,,,1.11,,,,0.83,,,,0.41,17.69
342464719,67190110861,2025.08.10,,,,0.2,,,,0.21,,,,0.21,,,,0.15,,,,0.2,,,,0.51,,,,1.05,,,,1.33,,,,1.13,,,,0.85,,,,0.66,,,,0.69,,,,0.66,,,,0.64,,,,0.56,,,,0.64,,,,0.95,,,,1.25,,,,1.76,,,,1.55,,,,1.63,,,,1.06,,,,0.83,,,,0.48,19.2
342464719,67190110861,2025.08.11,,,,0.24,,,,0.21,,,,0.17,,,,0.14,,,,0.18,,,,0.38,,,,1.22,,,,1.06,,,,1.28,,,,0.71,,,,0.69,,,,0.61,,,,0.62,,,,0.6,,,,0.64,,,,0.6,,,,0.96,,,,1.21,,,,1.57,,,,1.6,,,,1.38,,,,1.23,,,,0.8,,,,0.43,18.53
342464719,67190110861,2025.08.12,,,,0.21,,,,0.17,,,,0.19,,,,0.16,,,,0.18,,,,0.46,,,,1.0,,,,1.12,,,,1.12,,,,0.81,,,,0.65,,,,0.56,,,,0.52,,,,0.49,,,,0.59,,,,0.72,,,,0.8,,,,1.14,,,,1.8,,,,1.73,,,,1.58,,,,1.21,,,,0.8,,,,0.39,18.4
342464719,67190110861,2025.08.13,,,,0.21,,,,0.18,,,,0.18,,,,0.13,,,,0.18,,,,0.42,,,,0.9,,,,1.29,,,,1.02,,,,0.69,,,,0.67,,,,0.5,,,,0.61,,,,0.63,,,,0.66,,,,0.7,,,,0.76,,,,1.23,,,,1.52,,,,1.42,,,,1.2,,,,1.07,,,,0.79,,,,0.42,17.38
342464719,67190110861,2025.08.14,,,,0.24,,,,0.19,,,,0.16,,,,0.17,,,,0.18,,,,0.4,,,,0.92,,,,1.04,,,,1.17,,,,0.77,,,,0.57,,,,0.5,,,,0.51,,,,0.55,,,,0.65,,,,0.63,,,,0.83,,,,1.51,,,,1.8,,,,1.66,,,,1.5,,,,1.18,,,,0.73,,,,0.48,18.34
342464719,67190110861,2025.08.15,,,,0.27,,,,0.16,,,,0.14,,,,0.17,,,,0.17,,,,0.45,,,,0.94,,,,1.07,,,,0.96,,,,0.62,,,,0.59,,,,0.56,,,,0.63,,,,0.62,,,,0.58,,,,0.62,,,,0.82,,,,1.26,,,,1.64,,,,1.38,,,,1.23,,,,1.0,,,,0.66,,,,0.46,17.0
342464719,67190110861,2025.08.16,,,,0.22,,,,0.22,,,,0.19,,,,0.17,,,,0.22,,,,0.38,,,,0.99,,,,1.07,,,,1.24,,,,0.75,,,,0.72,,,,0.57,,,,0.61,,,,0.5,,,,0.5,,,,0.65,,,,0.83,,,,1.54,,,,1.47,,,,1.7,,,,1.48,,,,1.31,,,,0.81,,,,0.5,18.64
342464719,67190110861,2025.08.17,,,,0.24,,,,0.23,,,,0.16,,,,0.14,,,,0.21,,,,0.49,,,,1.01,,,,1.42,,,,1.26,,,,0.66,,,,0.72,,,,0.54,,,,0.66,,,,0.56,,,,0.59,,,,0.66,,,,0.79,,,,1.29,,,,1.55,,,,1.46,,,,1.34,,,,1.19,,,,0.84,,,,0.46,18.47
342464719,67190110861,2025.08.18,,,,0.28,,,,0.22,,,,0.19,,,,0.17,,,,0.2,,,,0.42,,,,0.88,,,,1.4,,,,1.26,,,,0.69,,,,0.7,,,,0.53,,,,0.55,,,,0.51,,,,0.68,,,,0.71,,,,1.01,,,,1.17,,,,1.73,,,,1.72,,,,1.3,,,,1.26,,,,0.7,,,,0.42,18.7
342464719,67190110861,2025.08.19,,,,0.24,,,,0.21,,,,0.15,,,,0.14,,,,0.18,,,,0.41,,,,0.89,,,,1.12,,,,1.14,,,,0.73,,,,0.7,,,,0.6,,,,0.5,,,,0.46,,,,0.63,,,,0.53,,,,0.78,,,,1.08,,,,1.75,,,,1.59,,,,1.63,,,,1.26,,,,0.72,,,,0.42,17.86
342464719,67190110861,2025.08.20,,,,0.21,,,,0.19,,,,0.14,,,,0.14,,,,0.17,,,,0.39,,,,0.89,,,,1.34,,,,1.21,,,,0.84,,,,0.61,,,,0.59,,,,0.55,,,,0.48,,,,0.52,,,,0.69,,,,0.96,,,,1.12,,,,1.52,,,,1.46,,,,1.32,,,,1.12,,,,0.67,,,,0.44,17.57
342464719,67190110861,2025.08.21,,,,0.22,,,,0.19,,,,0.15,,,,0.15,,,,0.22,,,,0.39,,,,1.07,,,,1.25,,,,1.26,,,,0.78,,,,0.68,,,,0.66,,,,0.49,,,,0.53,,,,0.66,,,,0.66,,,,0.97,,,,1.42,,,,1.78,,,,1.61,,,,1.55,,,,1.17,,,,0.87,,,,0.51,19.24
342464719,67190110861,2025.08.22,,,,0.26,,,,0.21,,,,0.16,,,,0.12,,,,0.22,,,,0.45,,,,0.85,,,,1.06,,,,1.26,,,,0.77,,,,0.69,,,,0.59,,,,0.55,,,,0.53,,,,0.51,,,,0.69,,,,0.72,,,,1.36,,,,1.68,,,,1.53,,,,1.72,,,,0.96,,,,0.8,,,,0.38,18.07
342464719,67190110861,2025.08.23,,,,0.2,,,,0.2,,,,0.14,,,,0.17,,,,0.18,,,,0.39,,,,0.85,,,,1.27,,,,1.15,,,,0.71,,,,0.68,,,,0.62,,,,0.59,,,,0.49,,,,0.61,,,,0.67,,,,0.89,,,,1.36,,,,1.88,,,,1.44,,,,1.57,,,,1.13,,,,0.83,,,,0.4,18.42
342464719,67190110861,2025.08.24,,,,0.23,,,,0.22,,,,0.19,,,,0.14,,,,0.21,,,,0.39,,,,1.18,,,,1.42,,,,1.05,,,,0.82,,,,0.75,,,,0.6,,,,0.64,,,,0.56,,,,0.65,,,,0.62,,,,0.82,,,,1.3,,,,1.54,,,,1.73,,,,1.42,,,,1.1,,,,0.86,,,,0.46,18.9
342464719,67190110861,2025.08.25,,,,0.26,,,,0.26,,,,0.2,,,,0.13,,,,0.18,,,,0.51,,,,0.96,,,,1.25,,,,1.1,,,,0.69,,,,0.72,,,,0.66,,,,0.67,,,,0.61,,,,0.58,,,,0.53,,,,1.03,,,,1.26,,,,1.67,,,,1.72,,,,1.59,,,,1.07,,,,0.92,,,,0.53,19.1
342464719,67190110861,2025.08.26,,,,0.22,,,,0.22,,,,0.17,,,,0.14,,,,0.22,,,,0.47,,,,0.95,,,,1.07,,,,0.98,,,,0.72,,,,0.52,,,,0.6,,,,0.49,,,,0.54,,,,0.54,,,,0.69,,,,0.79,,,,1.16,,,,1.83,,,,1.56,,,,1.35,,,,1.02,,,,0.77,,,,0.43,17.45
342464719,67190110861,2025.08.27,,,,0.26,,,,0.18,,,,0.16,,,,0.15,,,,0.21,,,,0.46,,,,0.84,,,,1.25,,,,0.95,,,,0.7,,,,0.7,,,,0.57,,,,0.65,,,,0.56,,,,0.68,,,,0.68,,,,0.76,,,,1.2,,,,1.69,,,,1.33,,,,1.33,,,,1.19,,,,0.85,,,,0.43,17.78
342464719,67190110861,2025.08.28,,,,0.27,,,,0.22,,,,0.18,,,,0.15,,,,0.19,,,,0.39,,,,0.91,,,,1.13,,,,1.24,,,,0.65,,,,0.65,,,,0.66,,,,0.5,,,,0.54,,,,0.64,,,,0.56,,,,0.88,,,,1.22,,,,1.93,,,,1.52,,,,1.34,,,,1.2,,,,0.66,,,,0.41,18.04
342464719,67190110861,2025.08.29,,,,0.22,,,,0.19,,,,0.17,,,,0.16,,,,0.2,,,,0.42,,,,0.93,,,,1.1,,,,1.29,,,,0.78,,,,0.61,,,,0.57,,,,0.57,,,,0.52,,,,0.62,,,,0.53,,,,0.91,,,,1.16,,,,1.72,,,,1.7,,,,1.45,,,,1.05,,,,0.88,,,,0.48,18.23
342464719,67190110861,2025.08.30,,,,0.25,,,,0.2,,,,0.15,,,,0.17,,,,0.18,,,,0.45,,,,0.93,,,,1.13,,,,1.21,,,,0.73,,,,0.57,,,,0.54,,,,0.6,,,,0.45,,,,0.57,,,,0.61,,,,0.93,,,,1.24,,,,1.89,,,,1.42,,,,1.58,,,,1.01,,,,0.78,,,,0.49,18.08
342464719,67190110861,2025.08.31,,,,0.26,,,,0.21,,,,0.17,,,,0.18,,,,0.22,,,,0.48,,,,0.99,,,,1.46,,,,1.07,,,,0.67,,,,0.58,,,,0.56,,,,0.63,,,,0.63,,,,0.65,,,,0.69,,,,0.85,,,,1.4,,,,1.65,,,,1.82,,,,1.59,,,,1.31,,,,0.8,,,,0.53,19.4
342464719,67190110861,2025.09.01,,,,0.16,,,,0.13,,,,0.14,,,,0.11,,,,0.15,,,,0.28,,,,0.64,,,,0.97,,,,0.76,,,,0.49,,,,0.44,,,,0.37,,,,0.42,,,,0.33,,,,0.45,,,,0.48,,,,0.56,,,,0.9,,,,1.21,,,,0.98,,,,0.91,,,,0.79,,,,0.54,,,,0.33,12.54
342464719,67190110861,2025.09.02,,,,0.16,,,,0.13,,,,0.12,,,,0.11,,,,0.14,,,,0.25,,,,0.73,,,,0.82,,,,0.82,,,,0.49,,,,0.36,,,,0.4,,,,0.35,,,,0.41,,,,0.38,,,,0.47,,,,0.62,,,,0.93,,,,1.02,,,,1.18,,,,1.01,,,,0.87,,,,0.48,,,,0.31,12.56
342464719,67190110861,2025.09.03,,,,0.14,,,,0.13,,,,0.1,,,,0.1,,,,0.13,,,,0.27,,,,0.64,,,,0.89,,,,0.66,,,,0.49,,,,0.36,,,,0.35,,,,0.34,,,,0.37,,,,0.39,,,,0.46,,,,0.56,,,,0.69,,,,1.17,,,,0.94,,,,1.09,,,,0.69,,,,0.46,,,,0.32,11.74
342464719,67190110861,2025.09.04,,,,0.18,,,,0.13,,,,0.12,,,,0.09,,,,0.14,,,,0.29,,,,0.6,,,,0.77,,,,0.65,,,,0.47,,,,0.39,,,,0.42,,,,0.43,,,,0.3,,,,0.39,,,,0.42,,,,0.62,,,,0.85,,,,1.09,,,,1.02,,,,0.89,,,,0.69,,,,0.5,,,,0.26,11.71
342464719,67190110861,2025.09.05,,,,0.15,,,,0.12,,,,0.11,,,,0.09,,,,0.15,,,,0.31,,,,0.56,,,,0.75,,,,0.77,,,,0.41,,,,0.4,,,,0.38,,,,0.43,,,,0.4,,,,0.42,,,,0.44,,,,0.64,,,,0.95,,,,1.28,,,,0.95,,,,0.82,,,,0.83,,,,0.49,,,,0.26,12.11
342464719,67190110861,2025.09.06,,,,0.15,,,,0.15,,,,0.12,,,,0.1,,,,0.14,,,,0.28,,,,0.69,,,,0.74,,,,0.64,,,,0.45,,,,0.42,,,,0.39,,,,0.34,,,,0.42,,,,0.37,,,,0.39,,,,0.57,,,,0.86,,,,1.09,,,,1.13,,,,0.93,,,,0.81,,,,0.51,,,,0.26,11.95
342464719,67190110861,2025.09.07,,,,0.17,,,,0.16,,,,0.1,,,,0.1,,,,0.15,,,,0.31,,,,0.7,,,,1.01,,,,0.73,,,,0.42,,,,0.48,,,,0.47,,,,0.4,,,,0.37,,,,0.45,,,,0.48,,,,0.54,,,,0.77,,,,1.19,,,,1.18,,,,1.11,,,,0.86,,,,0.6,,,,0.31,13.06
342464719,67190110861,2025.09.08,,,,0.16,,,,0.15,,,,0.12,,,,0.11,,,,0.13,,,,0.34,,,,0.65,,,,0.79,,,,0.77,,,,0.53,,,,0.41,,,,0.44,,,,0.36,,,,0.34,,,,0.4,,,,0.49,,,,0.64,,,,0.98,,,,1.36,,,,0.95,,,,0.87,,,,0.84,,,,0.48,,,,0.33,12.64
342464719,67190110861,2025.09.09,,,,0.17,,,,0.14,,,,0.1,,,,0.1,,,,0.12,,,,0.24,,,,0.65,,,,0.78,,,,0.74,,,,0.48,,,,0.35,,,,0.38,,,,0.35,,,,0.3,,,,0.36,,,,0.4,,,,0.54,,,,0.7,,,,1.16,,,,1.07,,,,0.95,,,,0.83,,,,0.49,,,,0.3,11.7
342464719,67190110861,2025.09.10,,,,0.17,,,,0.13,,,,0.12,,,,0.1,,,,0.12,,,,0.3,,,,0.57,,,,0.78,,,,0.67,,,,0.46,,,,0.39,,,,0.38,,,,0.43,,,,0.4,,,,0.38,,,,0.49,,,,0.58,,,,0.83,,,,1.18,,,,1.14,,,,0.99,,,,0.69,,,,0.49,,,,0.33,12.12
342464719,67190110861,2025.09.11,,,,0.16,,,,0.15,,,,0.11,,,,0.11,,,,0.12,,,,0.27,,,,0.55,,,,0.82,,,,0.77,,,,0.4,,,,0.45,,,,0.37,,,,0.34,,,,0.38,,,,0.37,,,,0.39,,,,0.55,,,,0.86,,,,1.22,,,,1.05,,,,0.77,,,,0.82,,,,0.5,,,,0.25,11.78
342464719,67190110861,2025.09.12,,,,0.17,,,,0.12,,,,0.11,,,,0.1,,,,0.13,,,,0.3,,,,0.59,,,,0.67,,,,0.86,,,,0.55,,,,0.46,,,,0.38,,,,0.32,,,,0.4,,,,0.33,,,,0.36,,,,0.57,,,,0.79,,,,0.93,,,,0.99,,,,0.87,,,,0.69,,,,0.43,,,,0.25,11.37
342464719,67190110861,2025.09.13,,,,0.17,,,,0.14,,,,0.12,,,,0.1,,,,0.11,,,,0.23,,,,0.6,,,,0.81,,,,0.76,,,,0.49,,,,0.42,,,,0.36,,,,0.41,,,,0.36,,,,0.4,,,,0.42,,,,0.6,,,,0.94,,,,1.21,,,,1.05,,,,0.93,,,,0.71,,,,0.58,,,,0.3,12.22
342464719,67190110861,2025.09.14,,,,0.16,,,,0.14,,,,0.1,,,,0.11,,,,0.14,,,,0.28,,,,0.59,,,,0.89,,,,0.85,,,,0.57,,,,0.42,,,,0.44,,,,0.42,,,,0.36,,,,0.37,,,,0.44,,,,0.54,,,,0.96,,,,1.01,,,,1.06,,,,0.98,,,,0.73,,,,0.55,,,,0.28,12.39
342464719,67190110861,2025.09.15,,,,0.19,,,,0.13,,,,0.12,,,,0.11,,,,0.15,,,,0.31,,,,0.7,,,,0.79,,,,0.75,,,,0.55,,,,0.49,,,,0.35,,,,0.39,,,,0.42,,,,0.4,,,,0.43,,,,0.57,,,,0.9,,,,1.39,,,,1.09,,,,0.94,,,,0.69,,,,0.45,,,,0.31,12.62
342464719,67190110861,2025.09.16,,,,0.17,,,,0.12,,,,0.12,,,,0.11,,,,0.13,,,,0.27,,,,0.74,,,,0.77,,,,0.81,,,,0.43,,,,0.43,,,,0.42,,,,0.39,,,,0.37,,,,0.43,,,,0.42,,,,0.5,,,,0.82,,,,1.2,,,,1.14,,,,0.86,,,,0.67,,,,0.54,,,,0.28,12.14
342464719,67190110861,2025.09.17,,,,0.16,,,,0.14,,,,0.11,,,,0.09,,,,0.12,,,,0.26,,,,0.6,,,,0.8,,,,0.73,,,,0.42,,,,0.35,,,,0.35,,,,0.43,,,,0.36,,,,0.42,,,,0.47,,,,0.56,,,,0.94,,,,1.07,,,,1.12,,,,0.88,,,,0.86,,,,0.42,,,,0.3,11.96
342464719,67190110861,2025.09.18,,,,0.14,,,,0.15,,,,0.1,,,,0.11,,,,0.13,,,,0.28,,,,0.69,,,,0.86,,,,0.63,,,,0.55,,,,0.43,,,,0.41,,,,0.36,,,,0.37,,,,0.42,,,,0.41,,,,0.53,,,,0.73,,,,1.02,,,,1.07,,,,1.01,,,,0.78,,,,0.44,,,,0.29,11.91
342464719,67190110861,2025.09.19,,,,0.15,,,,0.13,,,,0.12,,,,0.11,,,,0.11,,,,0.3,,,,0.64,,,,0.89,,,,0.68,,,,0.5,,,,0.39,,,,0.37,,,,0.32,,,,0.32,,,,0.33,,,,0.4,,,,0.49,,,,0.91,,,,0.95,,,,1.02,,,,0.84,,,,0.9,,,,0.57,,,,0.27,11.71
342464719,67190110861,2025.09.20,,,,0.16,,,,0.11,,,,0.13,,,,0.1,,,,0.11,,,,0.26,,,,0.55,,,,0.77,,,,0.76,,,,0.46,,,,0.39,,,,0.34,,,,0.34,,,,0.34,,,,0.43,,,,0.36,,,,0.58,,,,0.84,,,,1.07,,,,1.05,,,,0.96,,,,0.74,,,,0.51,,,,0.29,11.65
342464719,67190110861,2025.09.21,,,,0.17,,,,0.14,,,,0.12,,,,0.09,,,,0.12,,,,0.25,,,,0.6,,,,0.89,,,,0.87,,,,0.54,,,,0.39,,,,0.42,,,,0.4,,,,0.36,,,,0.44,,,,0.48,,,,0.67,,,,0.76,,,,1.08,,,,1.22,,,,1.05,,,,0.9,,,,0.45,,,,0.32,12.73
342464719,67190110861,2025.09.22,,,,0.16,,,,0.12,,,,0.11,,,,0.11,,,,0.12,,,,0.27,,,,0.72,,,,0.81,,,,0.83,,,,0.44,,,,0.41,,,,0.47,,,,0.44,,,,0.33,,,,0.43,,,,0.39,,,,0.52,,,,0.86,,,,1.06,,,,1.14,,,,1.03,,,,0.89,,,,0.53,,,,0.31,12.5
342464719,67190110861,2025.09.23,,,,0.18,,,,0.16,,,,0.12,,,,0.11,,,,0.15,,,,0.23,,,,0.71,,,,0.85,,,,0.87,,,,0.43,,,,0.42,,,,0.42,,,,0.36,,,,0.37,,,,0.35,,,,0.4,,,,0.55,,,,0.88,,,,1.16,,,,1.1,,,,0.91,,,,0.66,,,,0.4,,,,0.28,12.07
342464719,67190110861,2025.09.24,,,,0.16,,,,0.14,,,,0.1,,,,0.09,,,,0.14,,,,0.27,,,,0.72,,,,0.85,,,,0.75,,,,0.47,,,,0.42,,,,0.32,,,,0.34,,,,0.32,,,,0.42,,,,0.41,,,,0.49,,,,0.87,,,,1.1,,,,1.03,,,,0.89,,,,0.82,,,,0.58,,,,0.27,11.97
342464719,67190110861,2025.09.25,,,,0.15,,,,0.12,,,,0.1,,,,0.1,,,,0.14,,,,0.31,,,,0.59,,,,0.79,,,,0.85,,,,0.49,,,,0.41,,,,0.36,,,,0.38,,,,0.34,,,,0.43,,,,0.44,,,,0.51,,,,0.78,,,,1.26,,,,1.04,,,,1.0,,,,0.68,,,,0.5,,,,0.3,12.07
342464719,67190110861,2025.09.26,,,,0.17,,,,0.12,,,,0.1,,,,0.1,,,,0.14,,,,0.32,,,,0.75,,,,0.87,,,,0.64,,,,0.44,,,,0.37,,,,0.38,,,,0.44,,,,0.39,,,,0.35,,,,0.45,,,,0.67,,,,0.8,,,,0.96,,,,1.0,,,,0.94,,,,0.75,,,,0.5,,,,0.24,11.89
342464719,67190110861,2025.09.27,,,,0.17,,,,0.12,,,,0.11,,,,0.12,,,,0.12,,,,0.24,,,,0.68,,,,0.76,,,,0.83,,,,0.45,,,,0.34,,,,0.37,,,,0.36,,,,0.4,,,,0.42,,,,0.46,,,,0.6,,,,0.79,,,,1.26,,,,1.09,,,,1.0,,,,0.84,,,,0.5,,,,0.27,12.3
342464719,67190110861,2025.09.28,,,,0.17,,,,0.12,,,,0.11,,,,0.12,,,,0.12,,,,0.24,,,,0.58,,,,0.84,,,,0.71,,,,0.55,,,,0.42,,,,0.4,,,,0.39,,,,0.38,,,,0.4,,,,0.49,,,,0.64,,,,0.94,,,,1.34,,,,1.02,,,,1.01,,,,0.86,,,,0.54,,,,0.33,12.72
342464719,67190110861,2025.09.29,,,,0.18,,,,0.15,,,,0.11,,,,0.12,,,,0.14,,,,0.3,,,,0.61,,,,0.85,,,,0.92,,,,0.49,,,,0.44,,,,0.41,,,,0.45,,,,0.39,,,,0.36,,,,0.42,,,,0.63,,,,0.79,,,,1.23,,,,1.3,,,,1.12,,,,0.69,,,,0.6,,,,0.33,13.03
342464719,67190110861,2025.09.30,,,,0.13,,,,0.11,,,,0.1,,,,0.11,,,,0.1,,,,0.25,,,,0.66,,,,0.84,,,,0.83,,,,0.52,,,,0.35,,,,0.45,,,,0.34,,,,0.38,,,,0.42,,,,0.37,,,,0.68,,,,0.9,,,,0.96,,,,1.21,,,,0.94,,,,0.8,,,,0.51,,,,0.32,12.28
342464719,67190110861,2025.10.01,,,,0.13,,,,0.12,,,,0.11,,,,0.1,,,,0.14,,,,0.26,,,,0.61,,,,0.66,,,,0.79,,,,0.52,,,,0.41,,,,0.39,,,,0.36,,,,0.36,,,,0.34,,,,0.41,,,,0.57,,,,0.95,,,,1.11,,,,1.14,,,,1.0,,,,0.87,,,,0.48,,,,0.28,12.11
342464719,67190110861,2025.10.02,,,,0.18,,,,0.12,,,,0.1,,,,0.09,,,,0.14,,,,0.24,,,,0.71,,,,0.77,,,,0.66,,,,0.47,,,,0.39,,,,0.4,,,,0.4,,,,0.38,,,,0.34,,,,0.44,,,,0.63,,,,0.9,,,,1.26,,,,0.9,,,,1.04,,,,0.74,,,,0.43,,,,0.32,12.05
342464719,67190110861,2025.10.03,,,,0.19,,,,0.14,,,,0.1,,,,0.09,,,,0.13,,,,0.29,,,,0.58,,,,0.82,,,,0.69,,,,0.54,,,,0.47,,,,0.37,,,,0.37,,,,0.41,,,,0.37,,,,0.42,,,,0.6,,,,0.78,,,,1.21,,,,0.95,,,,1.01,,,,0.72,,,,0.51,,,,0.3,12.06
342464719,67190110861,2025.10.04,,,,0.15,,,,0.12,,,,0.11,,,,0.09,,,,0.14,,,,0.25,,,,0.68,,,,0.89,,,,0.66,,,,0.45,,,,0.42,,,,0.37,,,,0.35,,,,0.39,,,,0.36,,,,0.43,,,,0.65,,,,0.86,,,,1.11,,,,0.93,,,,1.01,,,,0.72,,,,0.51,,,,0.33,11.98
342464719,67190110861,2025.10.05,,,,0.16,,,,0.16,,,,0.11,,,,0.09,,,,0.16,,,,0.26,,,,0.7,,,,0.68,,,,0.88,,,,0.44,,,,0.45,,,,0.44,,,,0.38,,,,0.35,,,,0.41,,,,0.44,,,,0.57,,,,0.91,,,,1.22,,,,1.02,,,,1.15,,,,0.8,,,,0.47,,,,0.32,12.57
342464719,67190110861,2025.10.06,,,,0.18,,,,0.13,,,,0.12,,,,0.1,,,,0.12,,,,0.33,,,,0.65,,,,0.78,,,,0.83,,,,0.52,,,,0.49,,,,0.42,,,,0.43,,,,0.43,,,,0.35,,,,0.49,,,,0.59,,,,0.78,,,,1.12,,,,0.92,,,,1.03,,,,0.83,,,,0.61,,,,0.28,12.53
342464719,67190110861,2025.10.07,,,,0.16,,,,0.13,,,,0.11,,,,0.11,,,,0.14,,,,0.3,,,,0.68,,,,0.71,,,,0.73,,,,0.51,,,,0.41,,,,0.36,,,,0.37,,,,0.36,,,,0.36,,,,0.45,,,,0.54,,,,0.72,,,,0.97,,,,1.12,,,,1.12,,,,0.82,,,,0.47,,,,0.33,11.98
342464719,67190110861,2025.10.08,,,,0.16,,,,0.15,,,,0.12,,,,0.1,,,,0.13,,,,0.24,,,,0.64,,,,0.87,,,,0.8,,,,0.52,,,,0.41,,,,0.33,,,,0.34,,,,0.35,,,,0.39,,,,0.44,,,,0.48,,,,0.96,,,,1.06,,,,1.12,,,,0.98,,,,0.68,,,,0.57,,,,0.32,12.16
342464719,67190110861,2025.10.09,,,,0.16,,,,0.13,,,,0.1,,,,0.11,,,,0.14,,,,0.23,,,,0.58,,,,0.89,,,,0.68,,,,0.48,,,,0.43,,,,0.39,,,,0.36,,,,0.36,,,,0.34,,,,0.46,,,,0.62,,,,0.87,,,,1.21,,,,0.93,,,,0.83,,,,0.84,,,,0.47,,,,0.29,11.9
342464719,67190110861,2025.10.10,,,,0.14,,,,0.11,,,,0.11,,,,0.11,,,,0.14,,,,0.31,,,,0.73,,,,0.84,,,,0.73,,,,0.45,,,,0.47,,,,0.37,,,,0.35,,,,0.34,,,,0.39,,,,0.41,,,,0.51,,,,0.82,,,,1.23,,,,1.1,,,,1.05,,,,0.71,,,,0.45,,,,0.3,12.17
342464719,67190110861,2025.10.11,,,,0.16,,,,0.14,,,,0.12,,,,0.11,,,,0.15,,,,0.28,,,,0.57,,,,0.78,,,,0.68,,,,0.43,,,,0.39,,,,0.39,,,,0.33,,,,0.32,,,,0.41,,,,0.43,,,,0.58,,,,0.89,,,,1.02,,,,0.91,,,,0.85,,,,0.83,,,,0.53,,,,0.28,11.58
342464719,67190110861,2025.10.12,,,,0.17,,,,0.16,,,,0.12,,,,0.12,,,,0.13,,,,0.27,,,,0.75,,,,0.88,,,,0.81,,,,0.5,,,,0.44,,,,0.45,,,,0.37,,,,0.37,,,,0.44,,,,0.42,,,,0.6,,,,0.94,,,,1.33,,,,1.08,,,,0.94,,,,0.91,,,,0.58,,,,0.33,13.11
342464719,67190110861,2025.10.13,,,,0.17,,,,0.13,,,,0.12,,,,0.12,,,,0.15,,,,0.26,,,,0.65,,,,0.8,,,,0.86,,,,0.51,,,,0.43,,,,0.34,,,,0.41,,,,0.35,,,,0.44,,,,0.44,,,,0.59,,,,0.86,,,,1.35,,,,0.97,,,,0.94,,,,0.88,,,,0.56,,,,0.34,12.67
342464719,67190110861,2025.10.14,,,,0.14,,,,0.12,,,,0.09,,,,0.09,,,,0.15,,,,0.24,,,,0.68,,,,0.73,,,,0.71,,,,0.58,,,,0.39,,,,0.37,,,,0.36,,,,0.3,,,,0.4,,,,0.39,,,,0.6,,,,1.0,,,,1.2,,,,0.86,,,,0.98,,,,0.65,,,,0.54,,,,0.31,11.88
342464719,67190110861,2025.10.15,,,,0.14,,,,0.14,,,,0.12,,,,0.11,,,,0.12,,,,0.28,,,,0.75,,,,0.77,,,,0.82,,,,0.4,,,,0.36,,,,0.43,,,,0.43,,,,0.4,,,,0.44,,,,0.37,,,,0.5,,,,0.93,,,,0.98,,,,1.02,,,,0.97,,,,0.68,,,,0.46,,,,0.29,11.91
342464719,67190110861,2025.10.16,,,,0.19,,,,0.14,,,,0.11,,,,0.1,,,,0.12,,,,0.23,,,,0.63,,,,0.7,,,,0.66,,,,0.45,,,,0.42,,,,0.34,,,,0.39,,,,0.36,,,,0.32,,,,0.47,,,,0.49,,,,0.95,,,,0.96,,,,1.13,,,,0.84,,,,0.79,,,,0.45,,,,0.32,11.56
342464719,67190110861,2025.10.17,,,,0.15,,,,0.11,,,,0.12,,,,0.09,,,,0.14,,,,0.24,,,,0.65,,,,0.81,,,,0.7,,,,0.44,,,,0.45,,,,0.41,,,,0.42,,,,0.34,,,,0.38,,,,0.39,,,,0.53,,,,0.94,,,,1.15,,,,1.06,,,,0.89,,,,0.77,,,,0.56,,,,0.3,12.04
342464719,67190110861,2025.10.18,,,,0.16,,,,0.14,,,,0.11,,,,0.09,,,,0.11,,,,0.25,,,,0.62,,,,0.93,,,,0.74,,,,0.47,,,,0.45,,,,0.44,,,,0.39,,,,0.36,,,,0.34,,,,0.36,,,,0.47,,,,0.82,,,,1.14,,,,0.9,,,,0.84,,,,0.69,,,,0.51,,,,0.31,11.64
342464719,67190110861,2025.10.19,,,,0.17,,,,0.13,,,,0.11,,,,0.09,,,,0.12,,,,0.33,,,,0.75,,,,0.89,,,,0.86,,,,0.52,,,,0.37,,,,0.46,,,,0.36,,,,0.4,,,,0.38,,,,0.42,,,,0.57,,,,0.88,,,,1.09,,,,0.99,,,,0.95,,,,0.86,,,,0.62,,,,0.31,12.63
342464719,67190110861,2025.10.20,,,,0.15,,,,0.16,,,,0.1,,,,0.1,,,,0.13,,,,0.32,,,,0.6,,,,0.74,,,,0.77,,,,0.47,,,,0.45,,,,0.42,,,,0.41,,,,0.33,,,,0.37,,,,0.48,,,,0.68,,,,0.82,,,,1.06,,,,0.97,,,,0.99,,,,0.83,,,,0.52,,,,0.32,12.19
342464719,67190110861,2025.10.21,,,,0.17,,,,0.14,,,,0.1,,,,0.09,,,,0.11,,,,0.3,,,,0.69,,,,0.84,,,,0.64,,,,0.43,,,,0.39,,,,0.42,,,,0.35,,,,0.32,,,,0.4,,,,0.4,,,,0.56,,,,0.77,,,,1.22,,,,1.09,,,,1.04,,,,0.78,,,,0.56,,,,0.32,12.13
342464719,67190110861,2025.10.22,,,,0.16,,,,0.15,,,,0.1,,,,0.1,,,,0.11,,,,0.28,,,,0.7,,,,0.92,,,,0.66,,,,0.46,,,,0.37,,,,0.42,,,,0.35,,,,0.39,,,,0.37,,,,0.4,,,,0.63,,,,0.85,,,,0.91,,,,1.03,,,,0.83,,,,0.87,,,,0.51,,,,0.24,11.81
342464719,67190110861,2025.10.23,,,,0.16,,,,0.11,,,,0.12,,,,0.11,,,,0.14,,,,0.27,,,,0.61,,,,0.65,,,,0.79,,,,0.45,,,,0.41,,,,0.46,,,,0.35,,,,0.32,,,,0.33,,,,0.37,,,,0.46,,,,0.84,,,,1.1,,,,0.99,,,,1.0,,,,0.73,,,,0.53,,,,0.28,11.58
342464719,67190110861,2025.10.24,,,,0.16,,,,0.14,,,,0.1,,,,0.11,,,,0.14,,,,0.28,,,,0.6,,,,0.76,,,,0.81,,,,0.51,,,,0.37,,,,0.34,,,,0.38,,,,0.33,,,,0.38,,,,0.37,,,,0.52,,,,0.72,,,,1.18,,,,0.94,,,,0.89,,,,0.68,,,,0.58,,,,0.32,11.61
342464719,67190110861,2025.10.25,,,,0.17,,,,0.12,,,,0.13,,,,0.1,,,,0.12,,,,0.29,,,,0.68,,,,0.8,,,,0.82,,,,0.56,,,,0.37,,,,0.39,,,,0.31,,,,0.42,,,,0.35,,,,0.45,,,,0.53,,,,0.81,,,,0.95,,,,1.0,,,,1.0,,,,0.66,,,,0.44,,,,0.25,11.72
342464719,67190110861,2025.10.26,,,,0.16,,,,0.12,,,,0.11,,,,0.12,,,,0.13,,,,0.28,,,,0.74,,,,0.74,,,,0.7,,,,0.52,,,,0.41,,,,0.45,,,,0.41,,,,0.43,,,,0.45,,,,0.39,,,,0.53,,,,0.82,,,,1.09,,,,1.15,,,,1.1,,,,0.81,,,,0.54,,,,0.29,12.49
342464719,67190110861,2025.10.27,,,,0.17,,,,0.16,,,,0.11,,,,0.1,,,,0.14,,,,0.29,,,,0.69,,,,0.84,,,,0.79,,,,0.53,,,,0.48,,,,0.35,,,,0.46,,,,0.37,,,,0.42,,,,0.48,,,,0.6,,,,0.97,,,,1.05,,,,0.99,,,,1.05,,,,0.86,,,,0.58,,,,0.33,12.81
342464719,67190110861,2025.10.28,,,,0.16,,,,0.12,,,,0.13,,,,0.1,,,,0.14,,,,0.28,,,,0.68,,,,0.77,,,,0.85,,,,0.5,,,,0.49,,,,0.33,,,,0.37,,,,0.4,,,,0.42,,,,0.48,,,,0.47,,,,0.73,,,,1.09,,,,0.89,,,,1.05,,,,0.72,,,,0.47,,,,0.26,11.9
342464719,67190110861,2025.10.29,,,,0.17,,,,0.13,,,,0.1,,,,0.1,,,,0.12,,,,0.33,,,,0.58,,,,0.78,,,,0.9,,,,0.51,,,,0.47,,,,0.42,,,,0.37,,,,0.38,,,,0.35,,,,0.41,,,,0.6,,,,0.87,,,,1.22,,,,1.13,,,,0.85,,,,0.86,,,,0.5,,,,0.26,12.41
342464719,67190110861,2025.10.30,,,,0.17,,,,0.14,,,,0.12,,,,0.1,,,,0.11,,,,0.31,,,,0.67,,,,0.72,,,,0.62,,,,0.53,,,,0.35,,,,0.43,,,,0.35,,,,0.41,,,,0.44,,,,0.37,,,,0.56,,,,0.97,,,,1.18,,,,1.02,,,,0.91,,,,0.78,,,,0.59,,,,0.32,12.17
342464719,67190110861,2025.10.31,,,,0.15,,,,0.16,,,,0.11,,,,0.09,,,,0.12,,,,0.25,,,,0.55,,,,0.75,,,,0.65,,,,0.5,,,,0.36,,,,0.37,,,,0.32,,,,0.33,,,,0.38,,,,0.41,,,,0.59,,,,0.93,,,,1.19,,,,0.93,,,,0.85,,,,0.67,,,,0.55,,,,0.26,11.47
342464719,67190110861,2025.11.01,,,,0.17,,,,0.12,,,,0.1,,,,0.12,,,,0.14,,,,0.3,,,,0.67,,,,0.92,,,,0.82,,,,0.54,,,,0.39,,,,0.41,,,,0.39,,,,0.35,,,,0.43,,,,0.5,,,,0.57,,,,0.85,,,,1.12,,,,1.11,,,,1.01,,,,0.67,,,,0.52,,,,0.24,12.46
342464719,67190110861,2025.11.02,,,,0.17,,,,0.13,,,,0.12,,,,0.12,,,,0.12,,,,0.26,,,,0.65,,,,0.75,,,,0.74,,,,0.57,,,,0.47,,,,0.47,,,,0.45,,,,0.35,,,,0.39,,,,0.37,,,,0.65,,,,0.96,,,,1.07,,,,0.97,,,,0.99,,,,0.8,,,,0.61,,,,0.29,12.47
342464719,67190110861,2025.11.03,,,,0.19,,,,0.14,,,,0.12,,,,0.12,,,,0.15,,,,0.25,,,,0.62,,,,0.83,,,,0.76,,,,0.54,,,,0.5,,,,0.35,,,,0.4,,,,0.35,,,,0.48,,,,0.51,,,,0.58,,,,0.82,,,,1.23,,,,1.18,,,,0.97,,,,0.86,,,,0.58,,,,0.29,12.82
342464719,67190110861,2025.11.04,,,,0.16,,,,0.12,,,,0.11,,,,0.1,,,,0.11,,,,0.23,,,,0.61,,,,0.69,,,,0.77,,,,0.49,,,,0.43,,,,0.36,,,,0.38,,,,0.4,,,,0.39,,,,0.49,,,,0.57,,,,0.91,,,,0.99,,,,1.03,,,,1.02,,,,0.88,,,,0.54,,,,0.27,12.05
342464719,67190110861,2025.11.05,,,,0.15,,,,0.13,,,,0.11,,,,0.09,,,,0.14,,,,0.31,,,,0.62,,,,0.75,,,,0.66,,,,0.51,,,,0.39,,,,0.43,,,,0.39,,,,0.4,,,,0.38,,,,0.36,,,,0.6,,,,0.86,,,,1.3,,,,1.04,,,,1.02,,,,0.7,,,,0.52,,,,0.33,12.19
342464719,67190110861,2025.11.06,,,,0.17,,,,0.15,,,,0.1,,,,0.12,,,,0.15,,,,0.25,,,,0.72,,,,0.73,,,,0.78,,,,0.46,,,,0.48,,,,0.34,,,,0.37,,,,0.35,,,,0.38,,,,0.46,,,,0.49,,,,0.86,,,,1.27,,,,1.13,,,,1.02,,,,0.72,,,,0.47,,,,0.3,12.27
342464719,67190110861,2025.11.07,,,,0.14,,,,0.16,,,,0.1,,,,0.11,,,,0.11,,,,0.28,,,,0.59,,,,0.66,,,,0.79,,,,0.45,,,,0.42,,,,0.4,,,,0.35,,,,0.41,,,,0.38,,,,0.45,,,,0.55,,,,0.89,,,,1.04,,,,0.95,,,,0.92,,,,0.79,,,,0.46,,,,0.31,11.71
342464719,67190110861,2025.11.08,,,,0.18,,,,0.11,,,,0.11,,,,0.1,,,,0.11,,,,0.26,,,,0.6,,,,0.89,,,,0.78,,,,0.4,,,,0.36,,,,0.43,,,,0.38,,,,0.4,,,,0.46,,,,0.43,,,,0.5,,,,0.92,,,,1.29,,,,1.04,,,,0.99,,,,0.71,,,,0.48,,,,0.32,12.25
342464719,67190110861,2025.11.09,,,,0.2,,,,0.14,,,,0.13,,,,0.09,,,,0.13,,,,0.3,,,,0.61,,,,0.85,,,,0.76,,,,0.52,,,,0.48,,,,0.42,,,,0.36,,,,0.4,,,,0.46,,,,0.46,,,,0.5,,,,0.75,,,,1.15,,,,0.99,,,,1.06,,,,0.9,,,,0.49,,,,0.3,12.45
342464719,67190110861,2025.11.10,,,,0.16,,,,0.15,,,,0.12,,,,0.11,,,,0.12,,,,0.3,,,,0.66,,,,0.8,,,,0.83,,,,0.51,,,,0.43,,,,0.37,,,,0.39,,,,0.37,,,,0.47,,,,0.54,,,,0.51,,,,0.8,,,,1.06,,,,1.1,,,,0.93,,,,0.88,,,,0.48,,,,0.32,12.41
342464719,67190110861,2025.11.11,,,,0.18,,,,0.14,,,,0.13,,,,0.12,,,,0.15,,,,0.25,,,,0.59,,,,0.64,,,,0.8,,,,0.54,,,,0.37,,,,0.41,,,,0.41,,,,0.41,,,,0.43,,,,0.5,,,,0.52,,,,0.82,,,,1.15,,,,1.01,,,,0.8,,,,0.82,,,,0.52,,,,0.33,12.04
342464719,67190110861,2025.11.12,,,,0.14,,,,0.13,,,,0.11,,,,0.09,,,,0.13,,,,0.25,,,,0.59,,,,0.84,,,,0.66,,,,0.54,,,,0.4,,,,0.45,,,,0.34,,,,0.38,,,,0.36,,,,0.47,,,,0.52,,,,0.83,,,,1.26,,,,1.04,,,,0.8,,,,0.73,,,,0.52,,,,0.26,11.84
342464719,67190110861,2025.11.13,,,,0.16,,,,0.11,,,,0.11,,,,0.11,,,,0.13,,,,0.28,,,,0.54,,,,0.72,,,,0.66,,,,0.47,,,,0.43,,,,0.44,,,,0.33,,,,0.39,,,,0.39,,,,0.41,,,,0.65,,,,0.77,,,,0.99,,,,1.09,,,,0.93,,,,0.66,,,,0.46,,,,0.27,11.5
342464719,67190110861,2025.11.14,,,,0.16,,,,0.12,,,,0.11,,,,0.1,,,,0.13,,,,0.33,,,,0.56,,,,0.87,,,,0.74,,,,0.56,,,,0.41,,,,0.37,,,,0.42,,,,0.42,,,,0.37,,,,0.38,,,,0.6,,,,0.98,,,,1.06,,,,1.08,,,,1.03,,,,0.88,,,,0.47,,,,0.29,12.44
342464719,67190110861,2025.11.15,,,,0.17,,,,0.13,,,,0.12,,,,0.1,,,,0.14,,,,0.25,,,,0.57,,,,0.89,,,,0.74,,,,0.48,,,,0.38,,,,0.4,,,,0.35,,,,0.35,,,,0.38,,,,0.44,,,,0.61,,,,0.79,,,,1.02,,,,1.05,,,,1.03,,,,0.82,,,,0.52,,,,0.3,12.03
342464719,67190110861,2025.11.16,,,,0.16,,,,0.13,,,,0.1,,,,0.11,,,,0.12,,,,0.34,,,,0.68,,,,0.9,,,,0.88,,,,0.45,,,,0.46,,,,0.38,,,,0.33,,,,0.42,,,,0.36,,,,0.51,,,,0.61,,,,0.92,,,,1.07,,,,1.15,,,,0.87,,,,0.87,,,,0.45,,,,0.34,12.61
342464719,67190110861,2025.11.17,,,,0.15,,,,0.12,,,,0.12,,,,0.1,,,,0.14,,,,0.27,,,,0.66,,,,0.83,,,,0.71,,,,0.48,,,,0.5,,,,0.37,,,,0.34,,,,0.34,,,,0.42,,,,0.45,,,,0.58,,,,0.99,,,,1.02,,,,1.08,,,,0.96,,,,0.84,,,,0.6,,,,0.32,12.39
342464719,67190110861,2025.11.18,,,,0.18,,,,0.12,,,,0.1,,,,0.09,,,,0.13,,,,0.26,,,,0.57,,,,0.76,,,,0.7,,,,0.42,,,,0.41,,,,0.44,,,,0.36,,,,0.4,,,,0.4,,,,0.4,,,,0.49,,,,0.79,,,,1.21,,,,0.97,,,,0.83,,,,0.73,,,,0.52,,,,0.29,11.57
342464719,67190110861,2025.11.19,,,,0.16,,,,0.12,,,,0.11,,,,0.11,,,,0.13,,,,0.3,,,,0.68,,,,0.74,,,,0.66,,,,0.51,,,,0.43,,,,0.4,,,,0.38,,,,0.4,,,,0.38,,,,0.44,,,,0.49,,,,0.97,,,,1.18,,,,1.09,,,,0.89,,,,0.69,,,,0.49,,,,0.32,12.07
342464719,67190110861,2025.11.20,,,,0.16,,,,0.13,,,,0.11,,,,0.1,,,,0.11,,,,0.28,,,,0.7,,,,0.81,,,,0.83,,,,0.49,,,,0.47,,,,0.32,,,,0.37,,,,0.31,,,,0.35,,,,0.39,,,,0.49,,,,0.96,,,,1.3,,,,0.97,,,,1.0,,,,0.76,,,,0.53,,,,0.32,12.26
342464719,67190110861,2025.11.21,,,,0.13,,,,0.15,,,,0.11,,,,0.1,,,,0.15,,,,0.32,,,,0.71,,,,0.8,,,,0.79,,,,0.46,,,,0.41,,,,0.36,,,,0.41,,,,0.39,,,,0.36,,,,0.48,,,,0.58,,,,0.97,,,,0.96,,,,1.05,,,,1.04,,,,0.74,,,,0.51,,,,0.3,12.28
342464719,67190110861,2025.11.22,,,,0.16,,,,0.16,,,,0.1,,,,0.09,,,,0.11,,,,0.26,,,,0.62,,,,0.89,,,,0.78,,,,0.44,,,,0.43,,,,0.33,,,,0.35,,,,0.37,,,,0.41,,,,0.44,,,,0.54,,,,0.88,,,,1.18,,,,1.2,,,,0.88,,,,0.74,,,,0.51,,,,0.33,12.2
342464719,67190110861,2025.11.23,,,,0.15,,,,0.14,,,,0.11,,,,0.11,,,,0.12,,,,0.24,,,,0.7,,,,0.79,,,,0.75,,,,0.46,,,,0.37,,,,0.44,,,,0.41,,,,0.44,,,,0.4,,,,0.49,,,,0.56,,,,0.93,,,,1.22,,,,1.19,,,,1.05,,,,0.76,,,,0.45,,,,0.32,12.6
342464719,67190110861,2025.11.24,,,,0.17,,,,0.12,,,,0.11,,,,0.11,,,,0.15,,,,0.25,,,,0.64,,,,0.92,,,,0.82,,,,0.48,,,,0.48,,,,0.4,,,,0.38,,,,0.44,,,,0.48,,,,0.43,,,,0.52,,,,0.83,,,,1.03,,,,0.93,,,,0.93,,,,0.93,,,,0.58,,,,0.29,12.42
342464719,67190110861,2025.11.25,,,,0.16,,,,0.11,,,,0.1,,,,0.09,,,,0.14,,,,0.25,,,,0.73,,,,0.82,,,,0.71,,,,0.43,,,,0.42,,,,0.45,,,,0.4,,,,0.37,,,,0.38,,,,0.39,,,,0.64,,,,0.91,,,,1.12,,,,0.98,,,,0.96,,,,0.72,,,,0.42,,,,0.28,11.98
342464719,67190110861,2025.11.26,,,,0.18,,,,0.14,,,,0.1,,,,0.11,,,,0.12,,,,0.26,,,,0.61,,,,0.79,,,,0.76,,,,0.5,,,,0.42,,,,0.37,,,,0.41,,,,0.33,,,,0.42,,,,0.43,,,,0.58,,,,0.76,,,,1.15,,,,0.88,,,,1.05,,,,0.66,,,,0.43,,,,0.29,11.75
342464719,67190110861,2025.11.27,,,,0.17,,,,0.11,,,,0.12,,,,0.11,,,,0.12,,,,0.28,,,,0.68,,,,0.76,,,,0.73,,,,0.55,,,,0.48,,,,0.42,,,,0.34,,,,0.34,,,,0.37,,,,0.41,,,,0.52,,,,0.87,,,,1.2,,,,1.13,,,,1.05,,,,0.81,,,,0.44,,,,0.25,12.26
342464719,67190110861,2025.11.28,,,,0.16,,,,0.13,,,,0.11,,,,0.09,,,,0.12,,,,0.3,,,,0.75,,,,0.88,,,,0.7,,,,0.48,,,,0.43,,,,0.4,,,,0.37,,,,0.41,,,,0.45,,,,0.48,,,,0.51,,,,0.87,,,,1.24,,,,0.98,,,,1.02,,,,0.69,,,,0.52,,,,0.3,12.39
342464719,67190110861,2025.11.29,,,,0.14,,,,0.13,,,,0.12,,,,0.11,,,,0.14,,,,0.32,,,,0.67,,,,0.83,,,,0.65,,,,0.52,,,,0.38,,,,0.37,,,,0.42,,,,0.34,,,,0.37,,,,0.38,,,,0.61,,,,0.85,,,,1.2,,,,1.14,,,,0.98,,,,0.83,,,,0.48,,,,0.28,12.26
342464719,67190110861,2025.11.30,,,,0.17,,,,0.15,,,,0.11,,,,0.1,,,,0.13,,,,0.28,,,,0.59,,,,0.8,,,,0.76,,,,0.5,,,,0.43,,,,0.42,,,,0.45,,,,0.42,,,,0.44,,,,0.38,,,,0.67,,,,0.92,,,,1.09,,,,0.98,,,,0.9,,,,0.71,,,,0.45,,,,0.36,12.21
342464719,67190110861,2025.12.01,,,,0.22,,,,0.19,,,,0.17,,,,0.15,,,,0.2,,,,0.42,,,,0.83,,,,1.32,,,,1.08,,,,0.57,,,,0.59,,,,0.58,,,,0.57,,,,0.49,,,,0.56,,,,0.52,,,,0.76,,,,1.02,,,,1.61,,,,1.55,,,,1.16,,,,1.13,,,,0.63,,,,0.37,16.69
342464719,67190110861,2025.12.02,,,,0.22,,,,0.15,,,,0.15,,,,0.12,,,,0.15,,,,0.37,,,,0.87,,,,0.91,,,,1.0,,,,0.71,,,,0.57,,,,0.47,,,,0.53,,,,0.51,,,,0.46,,,,0.63,,,,0.84,,,,1.29,,,,1.69,,,,1.43,,,,1.36,,,,1.04,,,,0.72,,,,0.41,16.6
342464719,67190110861,2025.12.03,,,,0.2,,,,0.17,,,,0.18,,,,0.12,,,,0.18,,,,0.43,,,,0.98,,,,1.22,,,,1.1,,,,0.54,,,,0.63,,,,0.52,,,,0.49,,,,0.47,,,,0.51,,,,0.55,,,,0.73,,,,1.11,,,,1.63,,,,1.26,,,,1.12,,,,1.08,,,,0.7,,,,0.42,16.34
342464719,67190110861,2025.12.04,,,,0.17,,,,0.19,,,,0.16,,,,0.14,,,,0.16,,,,0.36,,,,0.78,,,,1.0,,,,1.07,,,,0.66,,,,0.61,,,,0.51,,,,0.51,,,,0.48,,,,0.61,,,,0.58,,,,0.72,,,,1.05,,,,1.65,,,,1.29,,,,1.01,,,,1.15,,,,0.7,,,,0.42,15.98
342464719,67190110861,2025.12.05,,,,0.17,,,,0.17,,,,0.16,,,,0.15,,,,0.16,,,,0.33,,,,0.88,,,,0.99,,,,1.06,,,,0.71,,,,0.52,,,,0.45,,,,0.57,,,,0.41,,,,0.6,,,,0.6,,,,0.81,,,,1.1,,,,1.32,,,,1.43,,,,1.23,,,,0.97,,,,0.76,,,,0.42,15.97
342464719,67190110861,2025.12.06,,,,0.22,,,,0.16,,,,0.16,,,,0.14,,,,0.17,,,,0.42,,,,0.8,,,,1.01,,,,0.85,,,,0.71,,,,0.6,,,,0.49,,,,0.45,,,,0.42,,,,0.47,,,,0.56,,,,0.68,,,,1.02,,,,1.65,,,,1.29,,,,1.41,,,,0.88,,,,0.63,,,,0.38,15.57
342464719,67190110861,2025.12.07,,,,0.19,,,,0.16,,,,0.17,,,,0.17,,,,0.17,,,,0.36,,,,1.04,,,,0.89,,,,1.05,,,,0.77,,,,0.69,,,,0.55,,,,0.47,,,,0.45,,,,0.6,,,,0.62,,,,0.85,,,,1.29,,,,1.64,,,,1.5,,,,1.47,,,,1.08,,,,0.66,,,,0.38,17.22
342464719,67190110861,2025.12.08,,,,0.25,,,,0.19,,,,0.14,,,,0.16,,,,0.19,,,,0.44,,,,0.79,,,,1.13,,,,0.97,,,,0.75,,,,0.51,,,,0.57,,,,0.58,,,,0.46,,,,0.62,,,,0.62,,,,0.72,,,,1.09,,,,1.43,,,,1.3,,,,1.5,,,,1.27,,,,0.57,,,,0.4,16.65
342464719,67190110861,2025.12.09,,,,0.2,,,,0.15,,,,0.14,,,,0.13,,,,0.18,,,,0.39,,,,0.84,,,,0.91,,,,1.15,,,,0.68,,,,0.6,,,,0.5,,,,0.6,,,,0.55,,,,0.5,,,,0.56,,,,0.77,,,,1.23,,,,1.7,,,,1.46,,,,1.29,,,,0.9,,,,0.66,,,,0.44,16.53
342464719,67190110861,2025.12.10,,,,0.21,,,,0.15,,,,0.17,,,,0.15,,,,0.15,,,,0.34,,,,0.87,,,,0.87,,,,1.07,,,,0.63,,,,0.6,,,,0.56,,,,0.51,,,,0.47,,,,0.52,,,,0.53,,,,0.71,,,,1.26,,,,1.46,,,,1.57,,,,1.09,,,,0.92,,,,0.75,,,,0.4,15.96
342464719,67190110861,2025.12.11,,,,0.21,,,,0.18,,,,0.13,,,,0.14,,,,0.16,,,,0.38,,,,0.86,,,,1.18,,,,0.93,,,,0.56,,,,0.57,,,,0.44,,,,0.48,,,,0.43,,,,0.48,,,,0.5,,,,0.74,,,,1.31,,,,1.67,,,,1.21,,,,1.1,,,,1.09,,,,0.76,,,,0.34,15.85
342464719,67190110861,2025.12.12,,,,0.23,,,,0.17,,,,0.15,,,,0.15,,,,0.18,,,,0.4,,,,0.82,,,,1.08,,,,1.05,,,,0.59,,,,0.57,,,,0.49,,,,0.45,,,,0.49,,,,0.57,,,,0.62,,,,0.67,,,,1.18,,,,1.37,,,,1.5,,,,1.19,,,,1.09,,,,0.71,,,,0.38,16.1
342464719,67190110861,2025.12.13,,,,0.21,,,,0.21,,,,0.13,,,,0.15,,,,0.2,,,,0.36,,,,0.91,,,,1.22,,,,1.1,,,,0.56,,,,0.54,,,,0.46,,,,0.56,,,,0.53,,,,0.54,,,,0.51,,,,0.68,,,,1.28,,,,1.62,,,,1.51,,,,1.35,,,,1.11,,,,0.71,,,,0.41,16.86
342464719,67190110861,2025.12.14,,,,0.22,,,,0.21,,,,0.16,,,,0.14,,,,0.15,,,,0.36,,,,0.91,,,,1.04,,,,0.91,,,,0.68,,,,0.51,,,,0.61,,,,0.51,,,,0.5,,,,0.49,,,,0.57,,,,0.74,,,,1.29,,,,1.63,,,,1.29,,,,1.41,,,,1.03,,,,0.78,,,,0.48,16.62
342464719,67190110861,2025.12.15,,,,0.23,,,,0.19,,,,0.17,,,,0.15,,,,0.19,,,,0.46,,,,0.93,,,,1.13,,,,1.16,,,,0.65,,,,0.59,,,,0.5,,,,0.5,,,,0.46,,,,0.55,,,,0.58,,,,0.91,,,,1.17,,,,1.67,,,,1.37,,,,1.46,,,,1.07,,,,0.78,,,,0.37,17.24
342464719,67190110861,2025.12.16,,,,0.22,,,,0.18,,,,0.15,,,,0.15,,,,0.18,,,,0.44,,,,0.91,,,,1.21,,,,1.1,,,,0.59,,,,0.54,,,,0.47,,,,0.42,,,,0.44,,,,0.42,,,,0.63,,,,0.73,,,,1.06,,,,1.67,,,,1.52,,,,1.46,,,,1.13,,,,0.65,,,,0.36,16.63
342464719,67190110861,2025.12.17,,,,0.19,,,,0.16,,,,0.14,,,,0.16,,,,0.15,,,,0.33,,,,0.75,,,,1.12,,,,0.95,,,,0.62,,,,0.49,,,,0.48,,,,0.44,,,,0.48,,,,0.49,,,,0.6,,,,0.73,,,,1.18,,,,1.44,,,,1.4,,,,1.15,,,,1.01,,,,0.65,,,,0.38,15.49
342464719,67190110861,2025.12.18,,,,0.23,,,,0.18,,,,0.15,,,,0.12,,,,0.18,,,,0.31,,,,0.94,,,,1.05,,,,0.87,,,,0.67,,,,0.56,,,,0.51,,,,0.44,,,,0.49,,,,0.59,,,,0.59,,,,0.82,,,,1.0,,,,1.57,,,,1.41,,,,1.27,,,,0.86,,,,0.65,,,,0.4,15.86
342464719,67190110861,2025.12.19,,,,0.23,,,,0.19,,,,0.17,,,,0.14,,,,0.16,,,,0.34,,,,0.91,,,,1.23,,,,0.9,,,,0.62,,,,0.49,,,,0.47,,,,0.5,,,,0.49,,,,0.45,,,,0.61,,,,0.79,,,,1.29,,,,1.37,,,,1.41,,,,1.23,,,,0.97,,,,0.71,,,,0.44,16.11
342464719,67190110861,2025.12.20,,,,0.18,,,,0.2,,,,0.17,,,,0.15,,,,0.19,,,,0.34,,,,0.88,,,,1.02,,,,1.1,,,,0.58,,,,0.52,,,,0.56,,,,0.51,,,,0.44,,,,0.5,,,,0.61,,,,0.77,,,,1.13,,,,1.38,,,,1.33,,,,1.23,,,,1.17,,,,0.58,,,,0.37,15.91
342464719,67190110861,2025.12.21,,,,0.21,,,,0.17,,,,0.15,,,,0.15,,,,0.17,,,,0.37,,,,0.94,,,,0.99,,,,1.06,,,,0.67,,,,0.57,,,,0.58,,,,0.47,,,,0.56,,,,0.56,,,,0.62,,,,0.87,,,,1.34,,,,1.58,,,,1.59,,,,1.37,,,,1.03,,,,0.61,,,,0.36,16.99
342464719,67190110861,2025.12.22,,,,0.23,,,,0.16,,,,0.14,,,,0.16,,,,0.15,,,,0.37,,,,0.93,,,,1.12,,,,1.06,,,,0.66,,,,0.6,,,,0.58,,,,0.53,,,,0.51,,,,0.64,,,,0.58,,,,0.74,,,,1.03,,,,1.62,,,,1.25,,,,1.34,,,,1.17,,,,0.72,,,,0.38,16.67
342464719,67190110861,2025.12.23,,,,0.22,,,,0.15,,,,0.15,,,,0.15,,,,0.15,,,,0.41,,,,0.78,,,,1.19,,,,0.88,,,,0.6,,,,0.51,,,,0.46,,,,0.54,,,,0.51,,,,0.59,,,,0.52,,,,0.71,,,,1.19,,,,1.47,,,,1.48,,,,1.26,,,,0.91,,,,0.71,,,,0.41,15.95
342464719,67190110861,2025.12.24,,,,0.22,,,,0.16,,,,0.14,,,,0.13,,,,0.17,,,,0.34,,,,0.98,,,,1.09,,,,1.03,,,,0.58,,,,0.63,,,,0.48,,,,0.53,,,,0.54,,,,0.57,,,,0.65,,,,0.81,,,,1.01,,,,1.4,,,,1.31,,,,1.03,,,,1.08,,,,0.62,,,,0.44,15.94
342464719,67190110861,2025.12.25,,,,0.2,,,,0.17,,,,0.17,,,,0.13,,,,0.18,,,,0.37,,,,0.78,,,,1.07,,,,0.95,,,,0.71,,,,0.6,,,,0.52,,,,0.56,,,,0.47,,,,0.57,,,,0.61,,,,0.87,,,,1.16,,,,1.41,,,,1.53,,,,1.26,,,,1.07,,,,0.58,,,,0.48,16.42
342464719,67190110861,2025.12.26,,,,0.22,,,,0.18,,,,0.13,,,,0.15,,,,0.2,,,,0.38,,,,0.81,,,,1.07,,,,0.87,,,,0.63,,,,0.49,,,,0.49,,,,0.45,,,,0.47,,,,0.46,,,,0.61,,,,0.78,,,,1.1,,,,1.5,,,,1.48,,,,1.37,,,,0.9,,,,0.6,,,,0.45,15.79
342464719,67190110861,2025.12.27,,,,0.2,,,,0.16,,,,0.13,,,,0.12,,,,0.2,,,,0.35,,,,0.94,,,,1.21,,,,1.0,,,,0.52,,,,0.5,,,,0.5,,,,0.45,,,,0.51,,,,0.49,,,,0.64,,,,0.76,,,,1.23,,,,1.67,,,,1.26,,,,1.21,,,,0.88,,,,0.61,,,,0.4,15.94
342464719,67190110861,2025.12.28,,,,0.21,,,,0.18,,,,0.18,,,,0.13,,,,0.18,,,,0.34,,,,0.87,,,,1.12,,,,1.14,,,,0.67,,,,0.48,,,,0.54,,,,0.49,,,,0.45,,,,0.57,,,,0.51,,,,0.78,,,,1.24,,,,1.56,,,,1.26,,,,1.39,,,,1.03,,,,0.75,,,,0.39,16.46
342464719,67190110861,2025.12.29,,,,0.22,,,,0.18,,,,0.15,,,,0.12,,,,0.18,,,,0.43,,,,0.97,,,,0.99,,,,1.06,,,,0.75,,,,0.6,,,,0.51,,,,0.57,,,,0.5,,,,0.54,,,,0.59,,,,0.83,,,,1.33,,,,1.72,,,,1.28,,,,1.54,,,,0.9,,,,0.65,,,,0.42,17.03
342464719,67190110861,2025.12.30,,,,0.21,,,,0.18,,,,0.15,,,,0.14,,,,0.17,,,,0.35,,,,0.96,,,,0.91,,,,0.96,,,,0.66,,,,0.54,,,,0.54,,,,0.45,,,,0.57,,,,0.48,,,,0.54,,,,0.65,,,,1.17,,,,1.51,,,,1.57,,,,1.36,,,,1.03,,,,0.76,,,,0.38,16.24
342464719,67190110861,2025.12.31,,,,0.22,,,,0.19,,,,0.14,,,,0.15,,,,0.16,,,,0.39,,,,0.87,,,,1.15,,,,1.09,,,,0.61,,,,0.59,,,,0.48,,,,0.51,,,,0.55,,,,0.6,,,,0.62,,,,0.65,,,,1.26,,,,1.72,,,,1.38,,,,1.26,,,,1.1,,,,0.68,,,,0.44,16.81
342464719,67190110861,2026.01.01,,,,0.2,,,,0.18,,,,0.16,,,,0.13,,,,0.19,,,,0.37,,,,0.88,,,,0.88,,,,0.95,,,,0.69,,,,0.63,,,,0.44,,,,0.48,,,,0.46,,,,0.58,,,,0.61,,,,0.73,,,,1.24,,,,1.45,,,,1.21,,,,1.33,,,,1.04,,,,0.66,,,,0.45,15.94
342464719,67190110861,2026.01.02,,,,0.23,,,,0.19,,,,0.17,,,,0.17,,,,0.18,,,,0.33,,,,0.82,,,,1.13,,,,0.87,,,,0.55,,,,0.48,,,,0.54,,,,0.52,,,,0.46,,,,0.48,,,,0.62,,,,0.72,,,,1.1,,,,1.62,,,,1.39,,,,1.27,,,,1.07,,,,0.6,,,,0.45,15.96
342464719,67190110861,2026.01.03,,,,0.18,,,,0.16,,,,0.16,,,,0.14,,,,0.16,,,,0.33,,,,0.93,,,,1.16,,,,0.94,,,,0.69,,,,0.47,,,,0.52,,,,0.45,,,,0.44,,,,0.45,,,,0.55,,,,0.71,,,,1.15,,,,1.28,,,,1.32,,,,1.38,,,,0.93,,,,0.69,,,,0.37,15.56
342464719,67190110861,2026.01.04,,,,0.23,,,,0.19,,,,0.18,,,,0.13,,,,0.15,,,,0.43,,,,1.04,,,,1.24,,,,1.06,,,,0.65,,,,0.6,,,,0.58,,,,0.54,,,,0.56,,,,0.56,,,,0.59,,,,0.8,,,,1.28,,,,1.48,,,,1.42,,,,1.09,,,,0.96,,,,0.67,,,,0.42,16.85
342464719,67190110861,2026.01.05,,,,0.21,,,,0.19,,,,0.15,,,,0.13,,,,0.2,,,,0.4,,,,0.76,,,,1.17,,,,1.04,,,,0.74,,,,0.54,,,,0.51,,,,0.55,,,,0.59,,,,0.52,,,,0.63,,,,0.7,,,,1.3,,,,1.35,,,,1.59,,,,1.24,,,,1.12,,,,0.8,,,,0.46,16.89
342464719,67190110861,2026.01.06,,,,0.22,,,,0.16,,,,0.15,,,,0.14,,,,0.17,,,,0.39,,,,0.71,,,,1.14,,,,1.09,,,,0.58,,,,0.58,,,,0.53,,,,0.53,,,,0.41,,,,0.56,,,,0.52,,,,0.75,,,,1.25,,,,1.6,,,,1.28,,,,1.3,,,,1.12,,,,0.61,,,,0.44,16.23
342464719,67190110861,2026.01.07,,,,0.23,,,,0.19,,,,0.13,,,,0.14,,,,0.2,,,,0.35,,,,0.7,,,,1.11,,,,0.89,,,,0.71,,,,0.56,,,,0.57,,,,0.59,,,,0.43,,,,0.48,,,,0.61,,,,0.73,,,,1.31,,,,1.57,,,,1.18,,,,1.4,,,,0.93,,,,0.61,,,,0.4,16.02
342464719,67190110861,2026.01.08,,,,0.24,,,,0.18,,,,0.15,,,,0.12,,,,0.16,,,,0.36,,,,0.81,,,,1.05,,,,1.11,,,,0.59,,,,0.52,,,,0.56,,,,0.53,,,,0.55,,,,0.49,,,,0.51,,,,0.74,,,,1.2,,,,1.48,,,,1.41,,,,1.08,,,,1.01,,,,0.68,,,,0.37,15.9
342464719,67190110861,2026.01.09,,,,0.23,,,,0.16,,,,0.15,,,,0.13,,,,0.17,,,,0.31,,,,0.89,,,,1.19,,,,0.92,,,,0.56,,,,0.61,,,,0.5,,,,0.46,,,,0.46,,,,0.57,,,,0.53,,,,0.8,,,,1.13,,,,1.35,,,,1.32,,,,1.34,,,,1.03,,,,0.59,,,,0.35,15.75
342464719,67190110861,2026.01.10,,,,0.21,,,,0.17,,,,0.13,,,,0.14,,,,0.14,,,,0.35,,,,0.8,,,,1.18,,,,0.99,,,,0.69,,,,0.58,,,,0.57,,,,0.48,,,,0.43,,,,0.6,,,,0.61,,,,0.82,,,,0.98,,,,1.42,,,,1.6,,,,1.07,,,,1.0,,,,0.66,,,,0.34,15.96
342464719,67190110861,2026.01.11,,,,0.19,,,,0.17,,,,0.14,,,,0.14,,,,0.16,,,,0.37,,,,0.98,,,,1.06,,,,1.06,,,,0.71,,,,0.69,,,,0.44,,,,0.52,,,,0.53,,,,0.55,,,,0.65,,,,0.9,,,,1.46,,,,1.42,,,,1.28,,,,1.5,,,,1.06,,,,0.64,,,,0.45,17.07
342464719,67190110861,2026.01.12,,,,0.21,,,,0.17,,,,0.17,,,,0.13,,,,0.16,,,,0.39,,,,0.9,,,,0.96,,,,1.05,,,,0.71,,,,0.63,,,,0.49,,,,0.57,,,,0.46,,,,0.6,,,,0.57,,,,0.68,,,,1.27,,,,1.42,,,,1.27,,,,1.29,,,,1.17,,,,0.62,,,,0.36,16.25
342464719,67190110861,2026.01.13,,,,0.18,,,,0.16,,,,0.14,,,,0.13,,,,0.15,,,,0.37,,,,0.91,,,,1.16,,,,1.16,,,,0.55,,,,0.61,,,,0.48,,,,0.58,,,,0.43,,,,0.53,,,,0.51,,,,0.69,,,,1.3,,,,1.67,,,,1.51,,,,1.36,,,,1.0,,,,0.61,,,,0.45,16.64
342464719,67190110861,2026.01.14,,,,0.21,,,,0.18,,,,0.14,,,,0.14,,,,0.19,,,,0.32,,,,0.82,,,,0.94,,,,1.03,,,,0.55,,,,0.49,,,,0.48,,,,0.48,,,,0.47,,,,0.46,,,,0.66,,,,0.85,,,,1.05,,,,1.68,,,,1.4,,,,1.18,,,,0.95,,,,0.68,,,,0.39,15.74
342464719,67190110861,2026.01.15,,,,0.2,,,,0.19,,,,0.15,,,,0.14,,,,0.16,,,,0.37,,,,0.8,,,,0.99,,,,1.04,,,,0.71,,,,0.52,,,,0.56,,,,0.57,,,,0.52,,,,0.48,,,,0.59,,,,0.65,,,,1.3,,,,1.41,,,,1.34,,,,1.07,,,,1.01,,,,0.76,,,,0.33,15.86
342464719,67190110861,2026.01.16,,,,0.21,,,,0.21,,,,0.14,,,,0.13,,,,0.18,,,,0.36,,,,0.78,,,,0.86,,,,1.06,,,,0.66,,,,0.48,,,,0.47,,,,0.5,,,,0.54,,,,0.48,,,,0.61,,,,0.62,,,,1.33,,,,1.57,,,,1.42,,,,1.21,,,,1.12,,,,0.61,,,,0.36,15.91
342464719,67190110861,2026.01.17,,,,0.2,,,,0.19,,,,0.16,,,,0.14,,,,0.19,,,,0.31,,,,0.92,,,,1.14,,,,1.05,,,,0.66,,,,0.61,,,,0.58,,,,0.53,,,,0.46,,,,0.54,,,,0.54,,,,0.69,,,,1.08,,,,1.46,,,,1.38,,,,1.23,,,,0.91,,,,0.72,,,,0.39,16.08
342464719,67190110861,2026.01.18,,,,0.19,,,,0.18,,,,0.17,,,,0.15,,,,0.17,,,,0.44,,,,0.76,,,,1.22,,,,1.0,,,,0.54,,,,0.62,,,,0.54,,,,0.49,,,,0.54,,,,0.58,,,,0.58,,,,0.73,,,,1.12,,,,1.39,,,,1.51,,,,1.09,,,,1.15,,,,0.68,,,,0.38,16.22
342464719,67190110861,2026.01.19,,,,0.21,,,,0.17,,,,0.15,,,,0.16,,,,0.18,,,,0.36,,,,0.91,,,,0.99,,,,1.12,,,,0.65,,,,0.58,,,,0.59,,,,0.55,,,,0.44,,,,0.5,,,,0.65,,,,0.69,,,,1.18,,,,1.64,,,,1.47,,,,1.44,,,,1.19,,,,0.73,,,,0.44,16.99
342464719,67190110861,2026.01.20,,,,0.21,,,,0.18,,,,0.15,,,,0.14,,,,0.2,,,,0.33,,,,0.77,,,,1.19,,,,0.99,,,,0.57,,,,0.55,,,,0.63,,,,0.55,,,,0.54,,,,0.47,,,,0.59,,,,0.74,,,,1.25,,,,1.34,,,,1.2,,,,1.31,,,,0.95,,,,0.67,,,,0.43,15.95
342464719,67190110861,2026.01.21,,,,0.21,,,,0.2,,,,0.15,,,,0.15,,,,0.19,,,,0.4,,,,0.85,,,,1.14,,,,1.04,,,,0.58,,,,0.64,,,,0.58,,,,0.5,,,,0.53,,,,0.55,,,,0.6,,,,0.74,,,,1.28,,,,1.5,,,,1.23,,,,1.38,,,,0.98,,,,0.74,,,,0.34,16.5
342464719,67190110861,2026.01.22,,,,0.17,,,,0.2,,,,0.13,,,,0.15,,,,0.19,,,,0.4,,,,0.76,,,,1.1,,,,1.06,,,,0.64,,,,0.55,,,,0.51,,,,0.44,,,,0.55,,,,0.58,,,,0.63,,,,0.79,,,,1.25,,,,1.32,,,,1.47,,,,1.25,,,,1.15,,,,0.73,,,,0.45,16.47
342464719,67190110861,2026.01.23,,,,0.24,,,,0.19,,,,0.14,,,,0.15,,,,0.18,,,,0.35,,,,0.74,,,,1.15,,,,0.91,,,,0.61,,,,0.58,,,,0.58,,,,0.56,,,,0.49,,,,0.5,,,,0.55,,,,0.69,,,,1.02,,,,1.63,,,,1.44,,,,1.11,,,,0.96,,,,0.67,,,,0.4,15.84
342464719,67190110861,2026.01.24,,,,0.17,,,,0.19,,,,0.14,,,,0.12,,,,0.15,,,,0.38,,,,0.8,,,,0.95,,,,0.99,,,,0.66,,,,0.48,,,,0.49,,,,0.51,,,,0.45,,,,0.53,,,,0.48,,,,0.63,,,,1.19,,,,1.33,,,,1.25,,,,1.18,,,,1.09,,,,0.73,,,,0.44,15.33
342464719,67190110861,2026.01.25,,,,0.27,,,,0.21,,,,0.17,,,,0.16,,,,0.17,,,,0.37,,,,0.98,,,,1.32,,,,1.06,,,,0.7,,,,0.59,,,,0.54,,,,0.5,,,,0.51,,,,0.5,,,,0.62,,,,0.85,,,,1.3,,,,1.47,,,,1.62,,,,1.28,,,,0.96,,,,0.73,,,,0.41,17.29
342464719,67190110861,2026.01.26,,,,0.19,,,,0.19,,,,0.17,,,,0.13,,,,0.19,,,,0.42,,,,0.96,,,,1.25,,,,1.03,,,,0.61,,,,0.55,,,,0.54,,,,0.58,,,,0.45,,,,0.52,,,,0.62,,,,0.86,,,,1.24,,,,1.72,,,,1.55,,,,1.41,,,,1.08,,,,0.78,,,,0.41,17.45
342464719,67190110861,2026.01.27,,,,0.19,,,,0.16,,,,0.16,,,,0.14,,,,0.16,,,,0.32,,,,0.91,,,,1.12,,,,0.88,,,,0.61,,,,0.55,,,,0.48,,,,0.58,,,,0.42,,,,0.45,,,,0.53,,,,0.74,,,,1.02,,,,1.33,,,,1.45,,,,1.12,,,,1.12,,,,0.63,,,,0.39,15.46
342464719,67190110861,2026.01.28,,,,0.19,,,,0.16,,,,0.15,,,,0.14,,,,0.19,,,,0.4,,,,0.88,,,,1.05,,,,1.1,,,,0.65,,,,0.67,,,,0.55,,,,0.44,,,,0.44,,,,0.53,,,,0.59,,,,0.77,,,,1.24,,,,1.42,,,,1.23,,,,1.08,,,,1.01,,,,0.66,,,,0.36,15.9
342464719,67190110861,2026.01.29,,,,0.22,,,,0.15,,,,0.13,,,,0.15,,,,0.15,,,,0.39,,,,0.93,,,,1.21,,,,0.87,,,,0.62,,,,0.58,,,,0.6,,,,0.55,,,,0.46,,,,0.47,,,,0.56,,,,0.82,,,,1.1,,,,1.29,,,,1.44,,,,1.17,,,,0.92,,,,0.59,,,,0.36,15.73
342464719,67190110861,2026.01.30,,,,0.22,,,,0.16,,,,0.13,,,,0.12,,,,0.16,,,,0.38,,,,0.75,,,,1.07,,,,0.91,,,,0.57,,,,0.52,,,,0.44,,,,0.56,,,,0.5,,,,0.54,,,,0.5,,,,0.65,,,,1.07,,,,1.61,,,,1.32,,,,1.22,,,,0.94,,,,0.54,,,,0.45,15.33
342464719,67190110861,2026.01.31,,,,0.21,,,,0.2,,,,0.14,,,,0.14,,,,0.15,,,,0.36,,,,0.75,,,,1.08,,,,1.01,,,,0.69,,,,0.61,,,,0.56,,,,0.46,,,,0.44,,,,0.45,,,,0.57,,,,0.89,,,,1.05,,,,1.29,,,,1.37,,,,1.36,,,,1.04,,,,0.56,,,,0.46,15.84
342464719,67190110861,2026.02.01,,,,0.26,,,,0.16,,,,0.17,,,,0.14,,,,0.17,,,,0.4,,,,0.97,,,,1.19,,,,0.88,,,,0.77,,,,0.5,,,,0.56,,,,0.53,,,,0.47,,,,0.5,,,,0.66,,,,0.77,,,,1.25,,,,1.56,,,,1.57,,,,1.26,,,,0.99,,,,0.68,,,,0.45,16.86
342464719,67190110861,2026.02.02,,,,0.22,,,,0.17,,,,0.18,,,,0.16,,,,0.16,,,,0.44,,,,0.95,,,,1.01,,,,0.96,,,,0.69,,,,0.65,,,,0.5,,,,0.49,,,,0.5,,,,0.57,,,,0.56,,,,0.71,,,,1.26,,,,1.65,,,,1.39,,,,1.3,,,,1.01,,,,0.68,,,,0.47,16.68
342464719,67190110861,2026.02.03,,,,0.24,,,,0.18,,,,0.14,,,,0.14,,,,0.19,,,,0.36,,,,0.92,,,,1.18,,,,0.98,,,,0.68,,,,0.59,,,,0.56,,,,0.59,,,,0.45,,,,0.51,,,,0.63,,,,0.8,,,,1.27,,,,1.32,,,,1.49,,,,1.11,,,,1.0,,,,0.58,,,,0.36,16.27
342464719,67190110861,2026.02.04,,,,0.18,,,,0.18,,,,0.14,,,,0.12,,,,0.16,,,,0.33,,,,0.98,,,,1.01,,,,0.99,,,,0.71,,,,0.55,,,,0.56,,,,0.52,,,,0.54,,,,0.48,,,,0.65,,,,0.81,,,,1.16,,,,1.61,,,,1.41,,,,1.1,,,,0.94,,,,0.75,,,,0.42,16.3
342464719,67190110861,2026.02.05,,,,0.2,,,,0.19,,,,0.15,,,,0.13,,,,0.17,,,,0.38,,,,0.78,,,,1.11,,,,0.89,,,,0.62,,,,0.48,,,,0.5,,,,0.51,,,,0.46,,,,0.58,,,,0.49,,,,0.85,,,,1.15,,,,1.67,,,,1.36,,,,1.1,,,,0.88,,,,0.72,,,,0.43,15.8
342464719,67190110861,2026.02.06,,,,0.21,,,,0.18,,,,0.15,,,,0.15,,,,0.19,,,,0.42,,,,0.92,,,,1.16,,,,0.87,,,,0.71,,,,0.6,,,,0.59,,,,0.53,,,,0.42,,,,0.54,,,,0.62,,,,0.69,,,,1.13,,,,1.6,,,,1.3,,,,1.22,,,,0.91,,,,0.75,,,,0.39,16.25
342464719,67190110861,2026.02.07,,,,0.18,,,,0.2,,,,0.17,,,,0.12,,,,0.16,,,,0.36,,,,0.88,,,,1.18,,,,0.91,,,,0.55,,,,0.63,,,,0.46,,,,0.5,,,,0.42,,,,0.51,,,,0.57,,,,0.7,,,,1.13,,,,1.34,,,,1.5,,,,1.26,,,,0.94,,,,0.79,,,,0.36,15.82
342464719,67190110861,2026.02.08,,,,0.21,,,,0.19,,,,0.16,,,,0.13,,,,0.16,,,,0.45,,,,0.91,,,,0.97,,,,1.01,,,,0.68,,,,0.59,,,,0.48,,,,0.51,,,,0.48,,,,0.52,,,,0.66,,,,0.78,,,,1.25,,,,1.77,,,,1.45,,,,1.27,,,,1.01,,,,0.76,,,,0.43,16.83
342464719,67190110861,2026.02.09,,,,0.21,,,,0.2,,,,0.17,,,,0.15,,,,0.18,,,,0.37,,,,0.78,,,,1.03,,,,1.11,,,,0.64,,,,0.67,,,,0.47,,,,0.52,,,,0.5,,,,0.54,,,,0.67,,,,0.87,,,,1.07,,,,1.32,,,,1.27,,,,1.37,,,,1.06,,,,0.74,,,,0.4,16.31
342464719,67190110861,2026.02.10,,,,0.22,,,,0.2,,,,0.14,,,,0.14,,,,0.15,,,,0.35,,,,0.88,,,,1.01,,,,1.06,,,,0.69,,,,0.61,,,,0.49,,,,0.55,,,,0.45,,,,0.5,,,,0.52,,,,0.64,,,,1.06,,,,1.39,,,,1.55,,,,1.19,,,,1.13,,,,0.61,,,,0.37,15.9
342464719,67190110861,2026.02.11,,,,0.21,,,,0.18,,,,0.13,,,,0.12,,,,0.17,,,,0.35,,,,0.9,,,,1.12,,,,0.92,,,,0.71,,,,0.51,,,,0.56,,,,0.57,,,,0.55,,,,0.48,,,,0.59,,,,0.71,,,,1.3,,,,1.49,,,,1.34,,,,1.36,,,,0.89,,,,0.72,,,,0.43,16.31
342464719,67190110861,2026.02.12,,,,0.22,,,,0.18,,,,0.14,,,,0.16,,,,0.15,,,,0.39,,,,0.92,,,,1.25,,,,1.1,,,,0.65,,,,0.5,,,,0.48,,,,0.45,,,,0.54,,,,0.56,,,,0.58,,,,0.77,,,,1.15,,,,1.36,,,,1.27,,,,1.11,,,,1.08,,,,0.58,,,,0.4,15.99
342464719,67190110861,2026.02.13,,,,0.22,,,,0.18,,,,0.13,,,,0.13,,,,0.17,,,,0.39,,,,0.71,,,,1.13,,,,1.07,,,,0.58,,,,0.59,,,,0.54,,,,0.58,,,,0.44,,,,0.49,,,,0.5,,,,0.69,,,,1.28,,,,1.57,,,,1.56,,,,1.16,,,,0.89,,,,0.71,,,,0.36,16.07
342464719,67190110861,2026.02.14,,,,0.19,,,,0.18,,,,0.14,,,,0.14,,,,0.16,,,,0.37,,,,0.99,,,,0.95,,,,1.17,,,,0.63,,,,0.58,,,,0.45,,,,0.52,,,,0.5,,,,0.56,,,,0.53,,,,0.77,,,,1.3,,,,1.51,,,,1.3,,,,1.22,,,,1.06,,,,0.64,,,,0.39,16.25
342464719,67190110861,2026.02.15,,,,0.24,,,,0.21,,,,0.13,,,,0.13,,,,0.21,,,,0.43,,,,1.04,,,,1.02,,,,1.14,,,,0.71,,,,0.56,,,,0.52,,,,0.56,,,,0.51,,,,0.59,,,,0.65,,,,0.85,,,,1.32,,,,1.59,,,,1.4,,,,1.42,,,,1.08,,,,0.66,,,,0.42,17.39
342464719,67190110861,2026.02.16,,,,0.2,,,,0.19,,,,0.15,,,,0.13,,,,0.2,,,,0.43,,,,0.94,,,,1.17,,,,1.12,,,,0.71,,,,0.61,,,,0.64,,,,0.49,,,,0.59,,,,0.53,,,,0.58,,,,0.69,,,,1.23,,,,1.58,,,,1.6,,,,1.59,,,,1.23,,,,0.69,,,,0.46,17.75
342464719,67190110861,2026.02.17,,,,0.21,,,,0.19,,,,0.14,,,,0.13,,,,0.19,,,,0.43,,,,0.87,,,,1.17,,,,0.87,,,,0.67,,,,0.58,,,,0.44,,,,0.45,,,,0.42,,,,0.55,,,,0.52,,,,0.75,,,,1.05,,,,1.51,,,,1.44,,,,1.32,,,,1.02,,,,0.66,,,,0.39,15.97
342464719,67190110861,2026.02.18,,,,0.23,,,,0.17,,,,0.15,,,,0.16,,,,0.16,,,,0.42,,,,0.86,,,,1.15,,,,0.88,,,,0.61,,,,0.54,,,,0.57,,,,0.59,,,,0.49,,,,0.57,,,,0.6,,,,0.84,,,,1.26,,,,1.4,,,,1.44,,,,1.24,,,,0.95,,,,0.61,,,,0.44,16.33
342464719,67190110861,2026.02.19,,,,0.24,,,,0.19,,,,0.18,,,,0.15,,,,0.15,,,,0.36,,,,0.72,,,,0.94,,,,0.92,,,,0.64,,,,0.6,,,,0.59,,,,0.52,,,,0.54,,,,0.51,,,,0.64,,,,0.76,,,,1.02,,,,1.62,,,,1.33,,,,1.29,,,,0.95,,,,0.66,,,,0.47,15.99
342464719,67190110861,2026.02.20,,,,0.17,,,,0.2,,,,0.13,,,,0.14,,,,0.15,,,,0.43,,,,0.72,,,,1.16,,,,0.93,,,,0.55,,,,0.61,,,,0.47,,,,0.46,,,,0.45,,,,0.56,,,,0.56,,,,0.62,,,,1.04,,,,1.48,,,,1.35,,,,1.4,,,,1.09,,,,0.7,,,,0.37,15.74
342464719,67190110861,2026.02.21,,,,0.22,,,,0.2,,,,0.15,,,,0.14,,,,0.19,,,,0.37,,,,0.75,,,,1.1,,,,0.89,,,,0.71,,,,0.58,,,,0.56,,,,0.48,,,,0.44,,,,0.48,,,,0.62,,,,0.84,,,,1.16,,,,1.32,,,,1.54,,,,1.42,,,,1.02,,,,0.66,,,,0.41,16.25
342464719,67190110861,2026.02.22,,,,0.24,,,,0.21,,,,0.14,,,,0.14,,,,0.19,,,,0.45,,,,0.99,,,,1.2,,,,1.07,,,,0.72,,,,0.58,,,,0.53,,,,0.49,,,,0.58,,,,0.63,,,,0.57,,,,0.69,,,,1.32,,,,1.65,,,,1.64,,,,1.23,,,,0.91,,,,0.68,,,,0.37,17.22
342464719,67190110861,2026.02.23,,,,0.21,,,,0.16,,,,0.14,,,,0.13,,,,0.2,,,,0.36,,,,0.88,,,,1.23,,,,1.08,,,,0.66,,,,0.66,,,,0.62,,,,0.6,,,,0.51,,,,0.58,,,,0.6,,,,0.73,,,,1.34,,,,1.65,,,,1.71,,,,1.11,,,,1.03,,,,0.81,,,,0.4,17.4
342464719,67190110861,2026.02.24,,,,0.25,,,,0.19,,,,0.16,,,,0.14,,,,0.18,,,,0.42,,,,0.95,,,,1.05,,,,1.14,,,,0.67,,,,0.61,,,,0.43,,,,0.47,,,,0.45,,,,0.49,,,,0.62,,,,0.64,,,,1.32,,,,1.39,,,,1.38,,,,1.13,,,,1.01,,,,0.59,,,,0.36,16.04
342464719,67190110861,2026.02.25,,,,0.24,,,,0.16,,,,0.14,,,,0.16,,,,0.15,,,,0.34,,,,0.71,,,,0.96,,,,1.1,,,,0.54,,,,0.61,,,,0.58,,,,0.46,,,,0.56,,,,0.49,,,,0.49,,,,0.65,,,,1.12,,,,1.6,,,,1.32,,,,1.38,,,,1.11,,,,0.62,,,,0.41,15.9
342464719,67190110861,2026.02.26,,,,0.24,,,,0.16,,,,0.13,,,,0.13,,,,0.17,,,,0.37,,,,0.77,,,,1.08,,,,1.02,,,,0.66,,,,0.48,,,,0.49,,,,0.49,,,,0.49,,,,0.6,,,,0.54,,,,0.64,,,,1.1,,,,1.75,,,,1.58,,,,1.22,,,,0.95,,,,0.64,,,,0.39,16.09
342464719,67190110861,2026.02.27,,,,0.24,,,,0.17,,,,0.16,,,,0.14,,,,0.17,,,,0.39,,,,0.87,,,,1.18,,,,0.93,,,,0.59,,,,0.59,,,,0.44,,,,0.45,,,,0.46,,,,0.54,,,,0.57,,,,0.63,,,,1.17,,,,1.45,,,,1.57,,,,1.25,,,,1.07,,,,0.59,,,,0.41,16.03
342464719,67190110861,2026.02.28,,,,0.22,,,,0.2,,,,0.13,,,,0.13,,,,0.17,,,,0.33,,,,0.87,,,,1.16,,,,0.95,,,,0.7,,,,0.46,,,,0.55,,,,0.53,,,,0.51,,,,0.59,,,,0.48,,,,0.85,,,,1.23,,,,1.41,,,,1.45,,,,1.24,,,,1.14,,,,0.62,,,,0.46,16.38
342464719,67190110861,2026.03.01,,,,0.18,,,,0.14,,,,0.13,,,,0.1,,,,0.13,,,,0.29,,,,0.58,,,,0.81,,,,0.87,,,,0.53,,,,0.47,,,,0.39,,,,0.46,,,,0.44,,,,0.43,,,,0.51,,,,0.65,,,,1.04,,,,1.14,,,,0.99,,,,1.19,,,,0.88,,,,0.48,,,,0.31,13.14
342464719,67190110861,2026.03.02,,,,0.18,,,,0.15,,,,0.15,,,,0.1,,,,0.14,,,,0.25,,,,0.71,,,,0.74,,,,0.94,,,,0.5,,,,0.52,,,,0.36,,,,0.4,,,,0.36,,,,0.43,,,,0.48,,,,0.58,,,,0.83,,,,1.08,,,,0.95,,,,1.16,,,,0.81,,,,0.56,,,,0.33,12.71
342464719,67190110861,2026.03.03,,,,0.15,,,,0.12,,,,0.13,,,,0.12,,,,0.13,,,,0.25,,,,0.58,,,,0.78,,,,0.67,,,,0.47,,,,0.44,,,,0.34,,,,0.36,,,,0.4,,,,0.41,,,,0.49,,,,0.55,,,,0.91,,,,1.07,,,,1.15,,,,0.87,,,,0.69,,,,0.6,,,,0.32,12.0
342464719,67190110861,2026.03.04,,,,0.18,,,,0.13,,,,0.11,,,,0.1,,,,0.13,,,,0.31,,,,0.8,,,,0.74,,,,0.83,,,,0.46,,,,0.38,,,,0.41,,,,0.4,,,,0.34,,,,0.36,,,,0.44,,,,0.59,,,,0.83,,,,1.09,,,,0.88,,,,1.15,,,,0.88,,,,0.53,,,,0.36,12.43
342464719,67190110861,2026.03.05,,,,0.17,,,,0.12,,,,0.1,,,,0.13,,,,0.13,,,,0.32,,,,0.76,,,,0.8,,,,0.69,,,,0.44,,,,0.39,,,,0.38,,,,0.38,,,,0.35,,,,0.41,,,,0.44,,,,0.57,,,,0.92,,,,1.2,,,,1.11,,,,1.14,,,,0.67,,,,0.47,,,,0.36,12.45
342464719,67190110861,2026.03.06,,,,0.18,,,,0.15,,,,0.11,,,,0.12,,,,0.15,,,,0.31,,,,0.55,,,,0.92,,,,0.84,,,,0.52,,,,0.39,,,,0.44,,,,0.35,,,,0.35,,,,0.43,,,,0.41,,,,0.61,,,,0.96,,,,1.04,,,,1.13,,,,1.13,,,,0.72,,,,0.52,,,,0.29,12.62
342464719,67190110861,2026.03.07,,,,0.17,,,,0.13,,,,0.11,,,,0.09,,,,0.16,,,,0.3,,,,0.68,,,,0.82,,,,0.81,,,,0.49,,,,0.43,,,,0.4,,,,0.37,,,,0.35,,,,0.42,,,,0.49,,,,0.52,,,,0.76,,,,1.14,,,,1.21,,,,1.07,,,,0.85,,,,0.57,,,,0.32,12.66
342464719,67190110861,2026.03.08,,,,0.2,,,,0.14,,,,0.11,,,,0.12,,,,0.14,,,,0.32,,,,0.69,,,,0.86,,,,0.75,,,,0.46,,,,0.53,,,,0.49,,,,0.48,,,,0.44,,,,0.47,,,,0.44,,,,0.54,,,,0.87,,,,1.21,,,,1.26,,,,0.91,,,,1.0,,,,0.55,,,,0.35,13.33
342464719,67190110861,2026.03.09,,,,0.16,,,,0.15,,,,0.14,,,,0.1,,,,0.13,,,,0.28,,,,0.62,,,,0.75,,,,0.84,,,,0.52,,,,0.47,,,,0.39,,,,0.46,,,,0.43,,,,0.37,,,,0.44,,,,0.53,,,,1.09,,,,1.36,,,,1.32,,,,0.97,,,,0.83,,,,0.5,,,,0.32,13.17
342464719,67190110861,2026.03.10,,,,0.17,,,,0.12,,,,0.12,,,,0.11,,,,0.15,,,,0.26,,,,0.75,,,,0.97,,,,0.87,,,,0.53,,,,0.49,,,,0.4,,,,0.36,,,,0.42,,,,0.45,,,,0.5,,,,0.58,,,,0.85,,,,1.23,,,,1.21,,,,0.85,,,,0.79,,,,0.53,,,,0.29,13.0
342464719,67190110861,2026.03.11,,,,0.14,,,,0.13,,,,0.13,,,,0.09,,,,0.13,,,,0.3,,,,0.77,,,,0.97,,,,0.76,,,,0.6,,,,0.4,,,,0.44,,,,0.42,,,,0.38,,,,0.41,,,,0.38,,,,0.62,,,,0.9,,,,1.21,,,,1.0,,,,0.89,,,,0.95,,,,0.56,,,,0.35,12.93
342464719,67190110861,2026.03.12,,,,0.16,,,,0.12,,,,0.12,,,,0.11,,,,0.12,,,,0.32,,,,0.59,,,,0.81,,,,0.75,,,,0.5,,,,0.46,,,,0.41,,,,0.39,,,,0.34,,,,0.46,,,,0.51,,,,0.64,,,,0.79,,,,1.16,,,,1.1,,,,1.05,,,,0.96,,,,0.61,,,,0.27,12.75
342464719,67190110861,2026.03.13,,,,0.19,,,,0.14,,,,0.13,,,,0.1,,,,0.13,,,,0.29,,,,0.64,,,,0.8,,,,0.88,,,,0.4,,,,0.4,,,,0.37,,,,0.4,,,,0.43,,,,0.37,,,,0.38,,,,0.68,,,,0.97,,,,1.05,,,,1.16,,,,1.0,,,,0.86,,,,0.53,,,,0.36,12.66
342464719,67190110861,2026.03.14,,,,0.14,,,,0.13,,,,0.11,,,,0.11,,,,0.14,,,,0.3,,,,0.57,,,,0.83,,,,0.68,,,,0.58,,,,0.45,,,,0.4,,,,0.43,,,,0.42,,,,0.41,,,,0.4,,,,0.63,,,,0.95,,,,1.22,,,,1.26,,,,1.05,,,,0.84,,,,0.62,,,,0.28,12.95
342464719,67190110861,2026.03.15,,,,0.18,,,,0.15,,,,0.13,,,,0.11,,,,0.15,,,,0.33,,,,0.83,,,,0.81,,,,0.87,,,,0.51,,,,0.44,,,,0.4,,,,0.47,,,,0.39,,,,0.51,,,,0.44,,,,0.57,,,,0.9,,,,1.22,,,,1.26,,,,0.92,,,,0.97,,,,0.65,,,,0.35,13.56
342464719,67190110861,2026.03.16,,,,0.17,,,,0.17,,,,0.12,,,,0.1,,,,0.13,,,,0.35,,,,0.61,,,,0.9,,,,0.71,,,,0.5,,,,0.38,,,,0.5,,,,0.42,,,,0.45,,,,0.45,,,,0.53,,,,0.6,,,,0.99,,,,1.23,,,,1.1,,,,1.17,,,,0.85,,,,0.63,,,,0.37,13.43
342464719,67190110861,2026.03.17,,,,0.15,,,,0.15,,,,0.11,,,,0.11,,,,0.14,,,,0.35,,,,0.61,,,,0.77,,,,0.72,,,,0.47,,,,0.48,,,,0.45,,,,0.41,,,,0.44,,,,0.37,,,,0.38,,,,0.51,,,,1.03,,,,1.29,,,,1.17,,,,0.92,,,,0.76,,,,0.57,,,,0.27,12.63
342464719,67190110861,2026.03.18,,,,0.18,,,,0.13,,,,0.1,,,,0.12,,,,0.13,,,,0.31,,,,0.73,,,,0.79,,,,0.82,,,,0.52,,,,0.4,,,,0.43,,,,0.43,,,,0.35,,,,0.46,,,,0.45,,,,0.64,,,,1.02,,,,1.16,,,,1.13,,,,0.99,,,,0.79,,,,0.59,,,,0.33,13.0
342464719,67190110861,2026.03.19,,,,0.16,,,,0.14,,,,0.13,,,,0.1,,,,0.15,,,,0.31,,,,0.65,,,,0.81,,,,0.84,,,,0.52,,,,0.44,,,,0.43,,,,0.45,,,,0.36,,,,0.36,,,,0.4,,,,0.58,,,,0.78,,,,1.26,,,,0.94,,,,1.02,,,,0.77,,,,0.52,,,,0.28,12.4
342464719,67190110861,2026.03.20,,,,0.16,,,,0.17,,,,0.11,,,,0.1,,,,0.14,,,,0.31,,,,0.74,,,,0.79,,,,0.83,,,,0.47,,,,0.36,,,,0.42,,,,0.37,,,,0.4,,,,0.47,,,,0.39,,,,0.59,,,,0.85,,,,1.2,,,,1.16,,,,0.97,,,,0.69,,,,0.53,,,,0.33,12.55
342464719,67190110861,2026.03.21,,,,0.17,,,,0.14,,,,0.11,,,,0.1,,,,0.13,,,,0.29,,,,0.79,,,,0.85,,,,0.68,,,,0.45,,,,0.41,,,,0.44,,,,0.4,,,,0.36,,,,0.43,,,,0.41,,,,0.5,,,,0.72,,,,1.14,,,,0.95,,,,0.9,,,,0.89,,,,0.59,,,,0.33,12.18
342464719,67190110861,2026.03.22,,,,0.19,,,,0.13,,,,0.14,,,,0.11,,,,0.14,,,,0.3,,,,0.59,,,,1.05,,,,0.75,,,,0.5,,,,0.43,,,,0.39,,,,0.39,,,,0.35,,,,0.42,,,,0.54,,,,0.58,,,,0.84,,,,1.35,,,,1.31,,,,0.95,,,,0.78,,,,0.62,,,,0.28,13.13
342464719,67190110861,2026.03.23,,,,0.19,,,,0.13,,,,0.14,,,,0.14,,,,0.17,,,,0.3,,,,0.7,,,,0.79,,,,0.9,,,,0.62,,,,0.45,,,,0.45,,,,0.38,,,,0.38,,,,0.46,,,,0.46,,,,0.58,,,,0.81,,,,1.36,,,,1.28,,,,1.19,,,,0.91,,,,0.54,,,,0.3,13.63
342464719,67190110861,2026.03.24,,,,0.19,,,,0.15,,,,0.12,,,,0.11,,,,0.15,,,,0.25,,,,0.6,,,,0.88,,,,0.87,,,,0.52,,,,0.41,,,,0.38,,,,0.45,,,,0.41,,,,0.43,,,,0.39,,,,0.68,,,,0.93,,,,1.24,,,,0.91,,,,0.91,,,,0.9,,,,0.44,,,,0.31,12.63
342464719,67190110861,2026.03.25,,,,0.18,,,,0.15,,,,0.11,,,,0.1,,,,0.15,,,,0.3,,,,0.62,,,,0.76,,,,0.89,,,,0.44,,,,0.43,,,,0.4,,,,0.45,,,,0.41,,,,0.43,,,,0.37,,,,0.63,,,,0.86,,,,1.29,,,,1.06,,,,1.06,,,,0.72,,,,0.55,,,,0.3,12.66
342464719,67190110861,2026.03.26,,,,0.15,,,,0.12,,,,0.09,,,,0.1,,,,0.12,,,,0.32,,,,0.65,,,,0.83,,,,0.67,,,,0.52,,,,0.44,,,,0.47,,,,0.42,,,,0.38,,,,0.46,,,,0.4,,,,0.59,,,,0.81,,,,1.06,,,,0.97,,,,1.07,,,,0.81,,,,0.55,,,,0.32,12.32
342464719,67190110861,2026.03.27,,,,0.15,,,,0.15,,,,0.13,,,,0.12,,,,0.13,,,,0.31,,,,0.74,,,,0.72,,,,0.77,,,,0.43,,,,0.41,,,,0.42,,,,0.47,,,,0.37,,,,0.42,,,,0.46,,,,0.56,,,,0.8,,,,1.16,,,,1.16,,,,1.16,,,,0.77,,,,0.58,,,,0.3,12.69
342464719,67190110861,2026.03.28,,,,0.18,,,,0.14,,,,0.1,,,,0.09,,,,0.12,,,,0.29,,,,0.73,,,,0.73,,,,0.83,,,,0.47,,,,0.5,,,,0.47,,,,0.44,,,,0.39,,,,0.4,,,,0.44,,,,0.53,,,,0.81,,,,1.07,,,,1.15,,,,1.06,,,,0.83,,,,0.54,,,,0.27,12.58
342464719,67190110861,2026.03.29,,,,0.2,,,,0.15,,,,0.12,,,,0.12,,,,0.13,,,,0.26,,,,0.65,,,,0.83,,,,0.79,,,,0.56,,,,0.47,,,,0.44,,,,0.44,,,,0.46,,,,0.36,,,,0.53,,,,0.63,,,,0.81,,,,1.14,,,,1.16,,,,1.12,,,,0.78,,,,0.54,,,,0.32,13.01
342464719,67190110861,2026.03.30,,,,0.18,,,,0.16,,,,0.15,,,,0.11,,,,0.17,,,,0.27,,,,0.59,,,,0.87,,,,0.86,,,,0.59,,,,0.47,,,,0.36,,,,0.39,,,,0.45,,,,0.51,,,,0.5,,,,0.69,,,,0.97,,,,1.12,,,,1.13,,,,1.09,,,,0.84,,,,0.49,,,,0.36,13.32
342464719,67190110861,2026.03.31,,,,0.18,,,,0.13,,,,0.12,,,,0.13,,,,0.12,,,,0.29,,,,0.68,,,,0.82,,,,0.83,,,,0.46,,,,0.4,,,,0.36,,,,0.33,,,,0.37,,,,0.43,,,,0.41,,,,0.61,,,,1.0,,,,1.11,,,,1.08,,,,1.06,,,,0.78,,,,0.51,,,,0.33,12.54
342464719,67190110861,2026.04.01,,,,0.2,,,,0.14,,,,0.11,,,,0.1,,,,0.12,,,,0.3,,,,0.65,,,,0.76,,,,0.79,,,,0.43,,,,0.43,,,,0.37,,,,0.35,,,,0.42,,,,0.46,,,,0.39,,,,0.58,,,,0.88,,,,1.17,,,,1.12,,,,0.91,,,,0.88,,,,0.47,,,,0.26,12.29
342464719,67190110861,2026.04.02,,,,0.19,,,,0.15,,,,0.12,,,,0.11,,,,0.15,,,,0.3,,,,0.68,,,,0.83,,,,0.82,,,,0.53,,,,0.46,,,,0.41,,,,0.38,,,,0.38,,,,0.41,,,,0.45,,,,0.65,,,,0.97,,,,1.28,,,,1.19,,,,1.11,,,,0.81,,,,0.61,,,,0.29,13.28
342464719,67190110861,2026.04.03,,,,0.14,,,,0.15,,,,0.13,,,,0.1,,,,0.12,,,,0.29,,,,0.72,,,,0.82,,,,0.82,,,,0.6,,,,0.5,,,,0.38,,,,0.37,,,,0.37,,,,0.39,,,,0.38,,,,0.61,,,,0.85,,,,1.32,,,,1.18,,,,0.88,,,,0.92,,,,0.56,,,,0.33,12.93
342464719,67190110861,2026.04.04,,,,0.16,,,,0.14,,,,0.11,,,,0.11,,,,0.12,,,,0.31,,,,0.62,,,,0.71,,,,0.82,,,,0.49,,,,0.44,,,,0.39,,,,0.45,,,,0.4,,,,0.4,,,,0.44,,,,0.61,,,,0.8,,,,1.19,,,,1.2,,,,1.0,,,,0.76,,,,0.6,,,,0.31,12.58
342464719,67190110861,2026.04.05,,,,0.21,,,,0.13,,,,0.12,,,,0.12,,,,0.13,,,,0.32,,,,0.72,,,,0.75,,,,0.87,,,,0.55,,,,0.42,,,,0.48,,,,0.48,,,,0.38,,,,0.45,,,,0.43,,,,0.68,,,,1.06,,,,1.18,,,,1.23,,,,1.07,,,,0.81,,,,0.63,,,,0.34,13.56
342464719,67190110861,2026.04.06,,,,0.18,,,,0.16,,,,0.12,,,,0.11,,,,0.15,,,,0.32,,,,0.79,,,,0.81,,,,0.89,,,,0.61,,,,0.46,,,,0.38,,,,0.42,,,,0.38,,,,0.37,,,,0.54,,,,0.73,,,,0.95,,,,1.39,,,,1.27,,,,1.08,,,,0.75,,,,0.47,,,,0.29,13.62
342464719,67190110861,2026.04.07,,,,0.14,,,,0.13,,,,0.11,,,,0.11,,,,0.12,,,,0.29,,,,0.59,,,,0.93,,,,0.66,,,,0.56,,,,0.5,,,,0.44,,,,0.42,,,,0.43,,,,0.4,,,,0.49,,,,0.66,,,,0.9,,,,1.12,,,,1.13,,,,1.02,,,,0.83,,,,0.55,,,,0.27,12.8
342464719,67190110861,2026.04.08,,,,0.16,,,,0.14,,,,0.11,,,,0.1,,,,0.12,,,,0.27,,,,0.71,,,,0.72,,,,0.86,,,,0.52,,,,0.47,,,,0.39,,,,0.4,,,,0.41,,,,0.49,,,,0.49,,,,0.59,,,,1.0,,,,1.12,,,,0.99,,,,1.06,,,,0.69,,,,0.47,,,,0.33,12.61
342464719,67190110861,2026.04.09,,,,0.16,,,,0.14,,,,0.13,,,,0.1,,,,0.12,,,,0.27,,,,0.62,,,,0.75,,,,0.68,,,,0.5,,,,0.42,,,,0.43,,,,0.43,,,,0.41,,,,0.42,,,,0.39,,,,0.61,,,,0.84,,,,1.07,,,,1.23,,,,0.9,,,,0.7,,,,0.57,,,,0.37,12.26
342464719,67190110861,2026.04.10,,,,0.15,,,,0.13,,,,0.12,,,,0.11,,,,0.11,,,,0.32,,,,0.8,,,,0.75,,,,0.92,,,,0.56,,,,0.4,,,,0.44,,,,0.37,,,,0.41,,,,0.45,,,,0.4,,,,0.63,,,,0.99,,,,1.11,,,,0.99,,,,0.85,,,,0.86,,,,0.6,,,,0.33,12.8
342464719,67190110861,2026.04.11,,,,0.16,,,,0.14,,,,0.11,,,,0.1,,,,0.14,,,,0.29,,,,0.66,,,,0.92,,,,0.77,,,,0.54,,,,0.39,,,,0.49,,,,0.44,,,,0.43,,,,0.4,,,,0.44,,,,0.57,,,,0.76,,,,1.21,,,,1.21,,,,0.87,,,,0.69,,,,0.55,,,,0.28,12.56
342464719,67190110861,2026.04.12,,,,0.17,,,,0.15,,,,0.12,,,,0.12,,,,0.15,,,,0.35,,,,0.8,,,,0.99,,,,0.67,,,,0.47,,,,0.43,,,,0.42,,,,0.47,,,,0.4,,,,0.51,,,,0.45,,,,0.59,,,,1.07,,,,1.21,,,,1.25,,,,0.95,,,,0.98,,,,0.54,,,,0.34,13.6
342464719,67190110861,2026.04.13,,,,0.15,,,,0.14,,,,0.14,,,,0.13,,,,0.12,,,,0.29,,,,0.75,,,,0.79,,,,0.88,,,,0.48,,,,0.45,,,,0.45,,,,0.43,,,,0.43,,,,0.48,,,,0.43,,,,0.68,,,,0.81,,,,1.25,,,,1.02,,,,0.91,,,,0.78,,,,0.5,,,,0.37,12.86
342464719,67190110861,2026.04.14,,,,0.18,,,,0.17,,,,0.12,,,,0.1,,,,0.14,,,,0.27,,,,0.62,,,,0.87,,,,0.78,,,,0.47,,,,0.39,,,,0.36,,,,0.39,,,,0.34,,,,0.45,,,,0.39,,,,0.63,,,,0.9,,,,1.01,,,,1.19,,,,1.07,,,,0.77,,,,0.55,,,,0.26,12.42
342464719,67190110861,2026.04.15,,,,0.15,,,,0.15,,,,0.12,,,,0.1,,,,0.12,,,,0.3,,,,0.65,,,,0.78,,,,0.79,,,,0.54,,,,0.38,,,,0.44,,,,0.4,,,,0.36,,,,0.43,,,,0.49,,,,0.54,,,,0.82,,,,1.37,,,,1.11,,,,1.02,,,,0.88,,,,0.57,,,,0.36,12.87
342464719,67190110861,2026.04.16,,,,0.2,,,,0.14,,,,0.11,,,,0.11,,,,0.12,,,,0.29,,,,0.66,,,,0.74,,,,0.8,,,,0.54,,,,0.48,,,,0.42,,,,0.36,,,,0.38,,,,0.43,,,,0.43,,,,0.62,,,,0.89,,,,1.13,,,,1.12,,,,0.82,,,,0.77,,,,0.44,,,,0.27,12.27
342464719,67190110861,2026.04.17,,,,0.16,,,,0.14,,,,0.12,,,,0.11,,,,0.15,,,,0.27,,,,0.68,,,,0.84,,,,0.76,,,,0.52,,,,0.51,,,,0.38,,,,0.48,,,,0.34,,,,0.42,,,,0.43,,,,0.62,,,,0.81,,,,1.29,,,,1.21,,,,1.06,,,,0.77,,,,0.58,,,,0.35,13.0
342464719,67190110861,2026.04.18,,,,0.18,,,,0.15,,,,0.12,,,,0.11,,,,0.13,,,,0.3,,,,0.6,,,,0.83,,,,0.78,,,,0.59,,,,0.51,,,,0.42,,,,0.43,,,,0.34,,,,0.42,,,,0.4,,,,0.54,,,,0.92,,,,1.09,,,,0.95,,,,1.12,,,,0.78,,,,0.44,,,,0.27,12.42
342464719,67190110861,2026.04.19,,,,0.16,,,,0.13,,,,0.13,,,,0.11,,,,0.16,,,,0.28,,,,0.73,,,,0.97,,,,0.91,,,,0.51,,,,0.51,,,,0.4,,,,0.4,,,,0.42,,,,0.38,,,,0.41,,,,0.53,,,,0.98,,,,1.17,,,,1.02,,,,1.05,,,,0.89,,,,0.51,,,,0.3,13.06
342464719,67190110861,2026.04.20,,,,0.18,,,,0.17,,,,0.13,,,,0.12,,,,0.14,,,,0.29,,,,0.7,,,,1.01,,,,0.8,,,,0.6,,,,0.54,,,,0.38,,,,0.36,,,,0.35,,,,0.4,,,,0.42,,,,0.7,,,,0.83,,,,1.18,,,,1.06,,,,1.16,,,,0.91,,,,0.59,,,,0.36,13.38
342464719,67190110861,2026.04.21,,,,0.17,,,,0.13,,,,0.11,,,,0.11,,,,0.13,,,,0.26,,,,0.61,,,,0.85,,,,0.79,,,,0.56,,,,0.43,,,,0.46,,,,0.41,,,,0.34,,,,0.44,,,,0.51,,,,0.53,,,,0.79,,,,1.16,,,,0.96,,,,1.09,,,,0.75,,,,0.58,,,,0.32,12.49
342464719,67190110861,2026.04.22,,,,0.16,,,,0.12,,,,0.12,,,,0.09,,,,0.13,,,,0.27,,,,0.71,,,,0.83,,,,0.88,,,,0.48,,,,0.47,,,,0.47,,,,0.38,,,,0.46,,,,0.44,,,,0.5,,,,0.62,,,,0.87,,,,1.07,,,,0.95,,,,0.98,,,,0.99,,,,0.54,,,,0.29,12.82
342464719,67190110861,2026.04.23,,,,0.18,,,,0.15,,,,0.11,,,,0.09,,,,0.13,,,,0.31,,,,0.72,,,,0.76,,,,0.73,,,,0.57,,,,0.5,,,,0.45,,,,0.4,,,,0.37,,,,0.41,,,,0.4,,,,0.63,,,,0.87,,,,1.3,,,,1.05,,,,1.08,,,,0.77,,,,0.53,,,,0.32,12.83
342464719,67190110861,2026.04.24,,,,0.15,,,,0.17,,,,0.12,,,,0.11,,,,0.15,,,,0.32,,,,0.69,,,,0.91,,,,0.68,,,,0.44,,,,0.42,,,,0.4,,,,0.39,,,,0.34,,,,0.41,,,,0.46,,,,0.58,,,,1.03,,,,1.22,,,,1.0,,,,0.89,,,,0.74,,,,0.57,,,,0.27,12.46
342464719,67190110861,2026.04.25,,,,0.15,,,,0.16,,,,0.12,,,,0.11,,,,0.12,,,,0.33,,,,0.76,,,,0.72,,,,0.78,,,,0.53,,,,0.49,,,,0.47,,,,0.39,,,,0.42,,,,0.39,,,,0.4,,,,0.63,,,,0.95,,,,1.34,,,,0.96,,,,1.09,,,,0.75,,,,0.55,,,,0.26,12.87
342464719,67190110861,2026.04.26,,,,0.18,,,,0.16,,,,0.12,,,,0.1,,,,0.14,,,,0.35,,,,0.67,,,,0.85,,,,0.8,,,,0.59,,,,0.45,,,,0.35,,,,0.45,,,,0.43,,,,0.4,,,,0.52,,,,0.64,,,,0.92,,,,1.18,,,,1.32,,,,0.92,,,,0.76,,,,0.49,,,,0.35,13.14
342464719,67190110861,2026.04.27,,,,0.19,,,,0.15,,,,0.12,,,,0.12,,,,0.15,,,,0.29,,,,0.8,,,,0.82,,,,0.88,,,,0.46,,,,0.48,,,,0.49,,,,0.49,,,,0.38,,,,0.45,,,,0.39,,,,0.69,,,,0.95,,,,1.1,,,,0.98,,,,1.17,,,,0.9,,,,0.51,,,,0.3,13.26
342464719,67190110861,2026.04.28,,,,0.16,,,,0.14,,,,0.12,,,,0.12,,,,0.13,,,,0.32,,,,0.68,,,,0.77,,,,0.94,,,,0.46,,,,0.42,,,,0.46,,,,0.35,,,,0.39,,,,0.46,,,,0.43,,,,0.53,,,,0.82,,,,1.04,,,,1.08,,,,1.04,,,,0.77,,,,0.51,,,,0.32,12.46
342464719,67190110861,2026.04.29,,,,0.17,,,,0.15,,,,0.1,,,,0.12,,,,0.14,,,,0.27,,,,0.66,,,,0.78,,,,0.77,,,,0.45,,,,0.5,,,,0.42,,,,0.44,,,,0.33,,,,0.39,,,,0.41,,,,0.53,,,,1.05,,,,1.0,,,,1.08,,,,0.89,,,,0.8,,,,0.57,,,,0.32,12.34
342464719,67190110861,2026.04.30,,,,0.18,,,,0.13,,,,0.14,,,,0.11,,,,0.13,,,,0.29,,,,0.77,,,,0.87,,,,0.86,,,,0.5,,,,0.42,,,,0.45,,,,0.39,,,,0.37,,,,0.43,,,,0.4,,,,0.67,,,,1.01,,,,1.39,,,,1.03,,,,0.94,,,,0.87,,,,0.55,,,,0.31,13.21
